channel,message_id,date,sender_id,text,has_media,media_file,clean_text
@nevacomputer,8779,2025-06-21 06:32:27,-1001195361398,"💻 Dell Precision Workstation

A powerful performance laptop, ideal for professionals, engineers, and creators.

⸻

🔷 Processor (CPU)
Intel Core i7 – 9th Generation
⚙️ 8 Cores | 16 Threads | 🔥 Turbo Boost up to 4.7GHz
✅ Fast multitasking, great for heavy tasks like CAD, video editing & coding.

⸻

💾 Memory (RAM)
🧠 32GB DDR4 RAM
⚡ Seamless performance even with multiple programs running
🎯 Ideal for multitasking, virtual machines, or creative software.

⸻

💽 Storage
💠 1TB NVMe SSD
🚀 Ultra-fast boot-up and file access
📂 Massive space for all your files, software, and projects.

⸻

🖥️ Display (if you want to add)
📺 15.6” Full HD /
👁️‍🗨️ Crisp visuals with rich color — perfect for designers & video editors.

⸻

🧰 Build & Design
🪵 Premium aluminum/magnesium body
🧊 Sturdy and sleek workstation build
🎯 Precision-tuned for performance and durability.

⸻

🔌 Ports & Connectivity
🧩 USB-C | HDMI | Thunderbolt | SD Card Reader | Wi-Fi | Ethernet
🔋 Long-lasting battery | 🔐 Fingerprint sensor (optional)

⸻

✅ Perfect For:
 • Graphic Designers 🎨
 • Engineers & Architects 📐
 • Programmers 👨‍💻
 • Business Professionals 🧳
 • Anyone who needs power + speed 

📩@rasneva ለአጭር መልእክት
 ይደዉሉ ☎️
+251912759900
+251920153333",True,data/nevacomputer/media/8779.jpg,ለአጭር መልእክት ይደዉሉ
@nevacomputer,8778,2025-06-21 06:32:27,-1001195361398,,True,data/nevacomputer/media/8778.jpg,
@nevacomputer,8777,2025-06-21 06:32:27,-1001195361398,,True,data/nevacomputer/media/8777.jpg,
@nevacomputer,8776,2025-06-21 06:32:27,-1001195361398,,True,data/nevacomputer/media/8776.jpg,
@nevacomputer,8775,2025-06-11 13:56:52,-1001195361398,,True,data/nevacomputer/media/8775.jpg,
@nevacomputer,8774,2025-06-11 13:56:52,-1001195361398,"LENOVO X1 YOGA
Processor: 11th‑Gen Intel Core i7‑1165G7 or i7‑1185G7 (4 cores/8 threads, 2.8–4.7 GHz Turbo, 12 MB cache)  
 • Memory: 16 GB LPDDR4x, soldered (non-upgradeable)  
 • Storage: 512 GB NVMe PCIe SSD  
 • Display: 14″ FHD+ (1920×1200) IPS, 400 nits, 10‑point multi-touch  
 • Graphics: Intel Iris Xe integrated  
 • Convertible Design: 360° hinge — use as laptop, tablet, tent, or stand  
 • Pen Included: Slim integrated stylus in chassis — ideal for note-taking or drawing  
 • Ports: 2× Thunderbolt 4 (USB4), 2× USB-A 3.2 (one Always-On), HDMI 2.0, audio jack, Kensington Nano security slot  
 • Security: TPM 2.0, fingerprint reader (integrated power button), optional IR camera + privacy shutter  
 • Build: Carbon-fiber reinforced chassis, MIL‑STD‑810H durability, ~14.99 mm thick, dimensions ~314 × 223 mm
📩@rasneva ለአጭር መልእክት
 ይደዉሉ ☎️
+251912759900
+251920153333",True,data/nevacomputer/media/8774.jpg,ለአጭር መልእክት ይደዉሉ
@nevacomputer,8773,2025-06-11 13:56:52,-1001195361398,,True,data/nevacomputer/media/8773.jpg,
@nevacomputer,8772,2025-06-09 21:37:09,-1001195361398,"🔥 Acer Nitro 5 – Power Meets Performance

💻 Display
🖥️ 15.6” Full HD (1920×1080)
IPS Panel | 🎯 144Hz (smooth gameplay & crisp visuals)

⚙️ Processor
🧠 Intel Core i5 🔟th Generation
⚡ Strong performance for gaming, multitasking, and creative work

🎮 Graphics Card
🎨 NVIDIA GeForce RTX 3050 Ti
🕹️ 4GB GDDR6 – Play modern games like GTA V, FIFA, COD, Valorant, and more
✨ Real-time Ray Tracing & DLSS for stunning graphics

🧠 Memory (RAM)
💾 16GB DDR4 (Upgradeable to 32GB)
🚀 No lag while switching apps or working on heavy tasks

💽 Storage
🚀 512GB SSD – super-fast boot-up & game load time
➕ Option to add extra HDD or SSD

🧊 Cooling System
❄️ Dual-fan with Acer CoolBoost Technology
🌪️ Keeps your laptop cool during long gaming sessions

⌨️ Keyboard & Build
🔴 Red-backlit Keyboard – stylish & easy to game in low light
🟥 Bold, aggressive gaming design

🔌 Ports & Connectivity
📶 Wi-Fi 6 + Bluetooth 5.0
🔌 USB-C, HDMI, RJ-45 LAN, USB 3.2 ports

🔋 Battery Life
🔋 Up to 5 hours depending on use
⚡ Fast-charging with a 135W–180W power adapter

🔊 Audio
🔉 DTS:X Ultra | 3D Spatial Audio
🎧 Immersive sound for gaming and entertainment

⚖️ Weight
🧳 Around 2.3kg – tough yet portable for gamers

💡 Why Choose This Laptop?
The Acer Nitro 5 is not just a laptop – it’s a powerful, future-ready machine built for gamers, creators, students, and professionals alike. With its RTX 3050 Ti graphics, lightning-fast SSD, and a premium display, it delivers a performance that punches way above its price. Whether you’re editing videos, playing AAA games, or working on demanding software — this laptop can handle it all.
📩@rasneva ለአጭር መልእክት
 ይደዉሉ ☎️
+251912759900
+251920153333",True,data/nevacomputer/media/8772.jpg,ለአጭር መልእክት ይደዉሉ
@nevacomputer,8771,2025-06-09 21:37:09,-1001195361398,,True,data/nevacomputer/media/8771.jpg,
@nevacomputer,8770,2025-06-04 08:36:54,-1001195361398,"💼 Lenovo ThinkPad X1 Extreme Gen 2 – Power Meets Portability

🔧 Key Specifications:
 • 🧠 Processor: Intel® Core™ i7-9750H (6 cores, 12 threads, up to 4.5 GHz)
 • 🎮 Graphics: NVIDIA® GeForce® GTX 1650 Max-Q with 4GB GDDR5
 • 💾 Memory: 32GB DDR4 RAM (expandable up to 64GB)
 • 💽 Storage: 1TB PCIe NVMe SSD (supports dual M.2 drives)
 • 🖥️ Display: 15.6” Full HD (1920 x 1080) IPS, anti-glare, 300 nits
 • 🔋 Battery: 4-cell, 80Wh Li-ion, up to 6 hours of usage
 • ⚖️ Weight: Approximately 1.7 kg (3.75 lbs)    

🌟 Features:
 • 🔄 2-in-1 Convertible Design: Flexible 360-degree hinge for laptop, tablet, tent, or stand modes
 • 🌐 Connectivity: Wi-Fi 6 (802.11ax), Bluetooth® 5.0
 • 🔌 Ports: 2 x USB-A 3.1 Gen 1, 2 x Thunderbolt™ 3 (USB-C), HDMI 2.0, SD card reader
 • 🔐 Security: Fingerprint reader, IR camera with ThinkShutter privacy cover
 • 🎧 Audio: Dolby Atmos® speaker system for immersive sound   

🧠 Ideal Use Cases:
 • 👨‍💼 Professionals: Robust performance for multitasking and demanding applications
 • 🎨 Creatives: Powerful GPU and high-quality display for design and editing tasks
 • 🎮 Gamers: Capable of handling modern games at medium to high settings
 • 🎓 Students: Lightweight and durable for on-the-go learning and projects
📩@rasneva ለአጭር መልእክት
 ይደዉሉ ☎️
+251912759900
+251920153333",True,data/nevacomputer/media/8770.jpg,ለአጭር መልእክት ይደዉሉ
@nevacomputer,8769,2025-06-04 08:36:54,-1001195361398,,True,data/nevacomputer/media/8769.jpg,
@nevacomputer,8768,2025-06-04 08:36:54,-1001195361398,,True,data/nevacomputer/media/8768.jpg,
@nevacomputer,8767,2025-06-04 06:06:15,-1001195361398,"HP Envy x360 14” (14-es1013dx) – Sleek 2-in-1 Convertible Laptop

🔧 Key Specifications:
 • 🧠 Processor: Intel® Core™ 5-120U (10 cores, 12 threads, up to 5.0 GHz)
 • 🧵 Memory: 8GB DDR4-3200 MHz (onboard)
 • 💽 Storage: 1TB PCIe® NVMe™ M.2 SSD
 • 🖥️ Display: 14” FHD (1920x1080) IPS Touchscreen, 300 nits, 62.5% sRGB
 • 🎮 Graphics: Intel® Iris® Xe Integrated
 • 🪟 OS: Windows 11 Home
 • 🔋 Battery: 3-cell, 43 Wh Li-ion
 • ⚖️ Weight: Approx. 1.52 kg (3.35 lbs)
 • 🎨 Color: Natural Silver Aluminum

⸻

🌟 Top Features:
 • 🔄 2-in-1 Convertible Design – Use as laptop, tablet, tent, or stand
 • 🌙 Backlit Keyboard – Comfort in all lighting
 • 🔐 Fingerprint Reader – Fast & secure login
 • 📸 HP True Vision 5MP Camera – Clear video calls with noise reduction
 • 🔊 Poly Studio Audio – Dual speakers with HP Audio Boost
 • 🌐 Connectivity: Wi-Fi 6E & Bluetooth® 5.3
 • 🧩 Ports:
 • 🔌 1x USB-C (10Gbps, DisplayPort™, PD, Sleep & Charge)
 • 🧷 2x USB-A (5Gbps)
 • 📺 1x HDMI 2.1
 • 🎧 1x Headphone/Mic Combo
 • 💾 1x MicroSD Card Reader
 • 🔋 1x AC Smart Pin

⸻

🧠 Ideal Use Cases:
 • 🎓 Students & Professionals: Light, fast, and ideal for mobility, presentations, and study
 • 🧑‍🎨 Content Creators: Touchscreen & hinge perfect for design, sketching, and editing
 • 🎬 Entertainment: Enjoy shows, movies, and music in Full HD with rich sound
 • 🌐 Everyday Use: Reliable for browsing, emails, documents & multitasking

📩@rasneva ለአጭር መልእክት
 ይደዉሉ ☎️
+251912759900
+251920153333",True,data/nevacomputer/media/8767.jpg,ለአጭር መልእክት ይደዉሉ
@nevacomputer,8766,2025-06-04 06:06:15,-1001195361398,,True,data/nevacomputer/media/8766.jpg,
@nevacomputer,8765,2025-06-04 06:06:15,-1001195361398,,True,data/nevacomputer/media/8765.jpg,
@nevacomputer,8764,2025-06-04 06:06:15,-1001195361398,,True,data/nevacomputer/media/8764.jpg,
@nevacomputer,8763,2025-06-04 05:56:58,-1001195361398,,True,data/nevacomputer/media/8763.jpg,
@nevacomputer,8762,2025-06-04 05:56:57,-1001195361398,"✨ HP Pavilion Plus 16” – Premium Power in Your Hands! ✨

🧠 Intel® Core™ i7 13th Gen Supercharged performance i7-13700H (14 cores, 20 threads, up to 5.0 GHz)

📚 16GB RAM – Lag-free multitasking
🚀 1TB SSD – Fast boot & storage
🖼️ 16” 2K Display (2560 x 1600) – Sharp & vibrant visuals
🎨 100% sRGB | 120Hz – Ideal for design & creative work
🔋 11.5 hrs Battery – All-day productivity
📸 5MP IR Camera – Clear and secure video calls
🔊 B&O Tuned Speakers – Immersive audio experience
🌐 Wi-Fi 6 & Thunderbolt™ 4 – Fast, modern connectivity
⌨️ Backlit Keyboard – Comfort and style, day or night

🧩 How It Helps You

The HP Pavilion Plus 16” is built for people who demand performance with style. It’s not just a laptop—it’s a tool for dreamers, doers, and creators:

🧑‍💼 For Professionals – Run multiple apps, attend HD meetings, get things done fast
🎓 For Students – Research, write, create & watch lectures on a vibrant screen
🎥 For Creators – Edit videos, retouch photos, and design with color accuracy
💻 For Developers – Code faster, test quicker, and multitask like a pro
🎬 For Movie Buffs – Enjoy series & movies in crystal-clear 2K resolution

📩@rasneva ለአጭር መልእክት
 ይደዉሉ ☎️
+251912759900
+251920153333",True,data/nevacomputer/media/8762.jpg,ለአጭር መልእክት ይደዉሉ
@nevacomputer,8758,2025-05-09 15:26:01,-1001195361398,,True,data/nevacomputer/media/8758.jpg,
@nevacomputer,8757,2025-05-09 15:26:01,-1001195361398,,True,data/nevacomputer/media/8757.jpg,
@nevacomputer,8756,2025-05-09 15:26:00,-1001195361398,,True,data/nevacomputer/media/8756.jpg,
@nevacomputer,8755,2025-05-09 15:26:00,-1001195361398,"#WORKSTATION  ✔️
#student offer 
#europa standard 🗯️
🅑︎🅡︎🅐︎🅝︎🅓︎ : DELL PRECISION 
✨🅓︎🅘︎🅢︎🅟︎🅛︎🅐︎🅨︎: 15.6 inch FHD
✨🅒︎🅟︎🅤︎: CORE I7 9th gen💪  
✨🅡︎🅐︎🅜︎:32GB 𝗗𝗗𝗥4 
✨🅢︎🅣︎🅞︎🅡︎🅐︎🅖︎: 1TB SSD 
✨🅖︎🅡︎🅐︎🅟︎🅗︎🅘︎🅒︎🅢︎: 4GB NIVIDIA QUADRO T1000 (GTX 1650)
✨🅞︎🅢︎:𝘄𝗶𝗻𝗱𝗼𝘄𝘀 11 pro 22H2 
✨🅑︎🅐︎🅣︎🅣︎🅔︎🅡︎🅨︎: 5hr plus 
Price : 92000 birr
📩@rasneva ለአጭር መልእክት
 ይደዉሉ ☎️
+251912759900
+251920153333

🏢 አድራሻ: - መገናኛ ማራቶን የ ገበያ ማእከል በ ዋናው መግቢያ መሬት ላይ
ወይንም ግራውንድ ፍሎር ብቅ ይበሉ
 👉ነቫ ኮምፒውተር👈 መሆኑን ያረጋግጡ

ድህረ ገጻችንን ይጎብኙ
www.nevacomputer.com

ቴሌግራም ቻናላችንን ይቀላቀሉ

https://t.me/nevacomputer

     🔠🔠🔠🅰️ 🔠🔠🔠🔠🔠🔠🔠🔠",True,data/nevacomputer/media/8755.jpg,ለአጭር መልእክት ይደዉሉ አድራሻ መገናኛ ማራቶን የ ገበያ ማእከል በ ዋናው መግቢያ መሬት ላይ ወይንም ግራውንድ ፍሎር ብቅ ይበሉ ነቫ ኮምፒውተር መሆኑን ያረጋግጡ ድህረ ገጻችንን ይጎብኙ ቴሌግራም ቻናላችንን ይቀላቀሉ
@nevacomputer,8754,2025-04-20 09:34:45,-1001195361398,ለመላዉ የክርስትና እምነት ተከታይ በሙሉ እንኳንለብርሃነ ትንሳኤዉ በሰላም አደረሳችሁ::መጪዉ ዘመን የሰላም የአንድነት የመተሳሰብና  የበረከት እንዲሆንልን እንመኛለን::,True,data/nevacomputer/media/8754.jpg,ለመላዉ የክርስትና እምነት ተከታይ በሙሉ እንኳንለብርሀነ ትንሳኤዉ በሰላም አደረሳችሁመጪዉ ዘመን የሰላም የአንድነት የመተሳሰብና የበረከት እንዲሆንልን እንመኛለን
@nevacomputer,8753,2025-04-12 07:57:21,-1001195361398,,True,data/nevacomputer/media/8753.jpg,
@nevacomputer,8752,2025-04-12 07:57:21,-1001195361398,,True,data/nevacomputer/media/8752.jpg,
@nevacomputer,8751,2025-04-12 07:57:21,-1001195361398,"DONT MISS IT

🅑︎🅡︎🅐︎🅝︎🅓︎ : HP ENVY X360 ❤️
✨🅓︎🅘︎🅢︎🅟︎🅛︎🅐︎🅨︎: 15.6 FHD THIN BEZEL
✨🅒︎🅟︎🅤︎: CORE I7 12th generation 
✨🅡︎🅐︎🅜︎:16 GB 𝗗𝗗𝗥4
✨🅢︎🅣︎🅞︎🅡︎🅐︎🅖︎: 512 GB SSD 
✨🅖︎raphics: Intel UHD 
✨🅞︎🅢︎:window 11 pro 
✨🅑︎🅐︎🅣︎🅣︎🅔︎🅡︎🅨︎: 8HR
Price  95000 birr 
📩@rasneva ለአጭር መልእክት
 ይደዉሉ ☎️
+251912759900
+251920153333

🏢 አድራሻ: - መገናኛ ማራቶን የ ገበያ ማእከል በ ዋናው መግቢያ መሬት ላይ
ወይንም ግራውንድ ፍሎር ብቅ ይበሉ
 👉ነቫ ኮምፒውተር👈 መሆኑን ያረጋግጡ

ድህረ ገጻችንን ይጎብኙ
www.nevacomputer.com

ቴሌግራም ቻናላችንን ይቀላቀሉ

https://t.me/nevacomputer",True,data/nevacomputer/media/8751.jpg,ለአጭር መልእክት ይደዉሉ አድራሻ መገናኛ ማራቶን የ ገበያ ማእከል በ ዋናው መግቢያ መሬት ላይ ወይንም ግራውንድ ፍሎር ብቅ ይበሉ ነቫ ኮምፒውተር መሆኑን ያረጋግጡ ድህረ ገጻችንን ይጎብኙ ቴሌግራም ቻናላችንን ይቀላቀሉ
@nevacomputer,8750,2025-04-12 07:54:44,-1001195361398,"Very portable and can do multi-task

#HP
🅑︎🅡︎🅐︎🅝︎🅓︎ : HP ELITEBOOK 
✨🅓︎🅘︎🅢︎🅟︎🅛︎🅐︎🅨︎:13.3”
✨🅒︎🅟︎🅤︎: CORE I7 10th generation 
✨🅡︎🅐︎🅜︎:16 GB 𝗗𝗗𝗥4
✨🅢︎🅣︎🅞︎🅡︎🅐︎🅖︎: 512 GB SSD 
✨🅖︎raphics: intel uhd graphics 
✨🅞︎🅢︎:window 11 pro 
✨🅑︎🅐︎🅣︎🅣︎🅔︎🅡︎🅨︎: 6HR plus 
✨🅢︎🅣︎🅐︎🅣︎🅤︎🅢︎:  new 
Price  57000 birr
📩@rasneva ለአጭር መልእክት
 ይደዉሉ ☎️

🏢 አድራሻ: - መገናኛ ማራቶን የ ገበያ ማእከል በ ዋናው መግቢያ መሬት ላይ
ወይንም ግራውንድ ፍሎር ብቅ ይበሉ
 👉ነቫ ኮምፒውተር👈 መሆኑን ያረጋግጡ

ድህረ ገጻችንን ይጎብኙ
www.nevacomputer.com

ቴሌግራም ቻናላችንን ይቀላቀሉ

https://t.me/nevacomputer",True,data/nevacomputer/media/8750.jpg,ለአጭር መልእክት ይደዉሉ አድራሻ መገናኛ ማራቶን የ ገበያ ማእከል በ ዋናው መግቢያ መሬት ላይ ወይንም ግራውንድ ፍሎር ብቅ ይበሉ ነቫ ኮምፒውተር መሆኑን ያረጋግጡ ድህረ ገጻችንን ይጎብኙ ቴሌግራም ቻናላችንን ይቀላቀሉ
@nevacomputer,8749,2025-04-12 07:54:44,-1001195361398,,True,data/nevacomputer/media/8749.jpg,
@nevacomputer,8748,2025-04-12 07:52:36,-1001195361398,,True,data/nevacomputer/media/8748.jpg,
@nevacomputer,8747,2025-04-12 07:52:36,-1001195361398,,True,data/nevacomputer/media/8747.jpg,
@nevacomputer,8746,2025-04-12 07:52:36,-1001195361398,"New Arrivals And Genuine 
2024 14th Generation 
intel CORE ULTRA 5
  
HP ENVY 2024

Featuring the Latest:
✨Intel® Core™ Ultra 5 Processor 
155U 12M Cache, up to 4.80 GHz
12 Core and 14 CPU

Model: 
Hp envy 16 x360 convertible
              
Condition: BRAND NEW

💎 GRAPHICS: 
Integrated Intel® Arc™ Graphics & NPU:Integrated Intel® AI Boost,up to 11 TOPS

🖥 Screen:14 inch x360 convertible 
Touch screen 3440 × 1440 pixels (ultrawide QHD)

📼 Storage: 1TB SSD NVMe®
⏳ RAM: 8GB DDR5 6400 MT/s
🔋 Battery Life: 10 hours+battery life

Key Features:  
⭐️ Wi-Fi® 6E, 802.11ax 2x2 + BT5.3
⭐️ FHD Front Camera 1080p 
+ IR with Privacy Shutter
⭐️Face id login
⭐️Audio:Poly Studio 
⭐️White Backlit Keyboard**  
⭐️ Slim & Lightweight design  
⭐️Full aluminum Body  

Price 108000 birr

📩@rasneva ለአጭር መልእክት
 ይደዉሉ ☎️
+251912759900
+251920153333

🏢 አድራሻ: - መገናኛ ማራቶን የ ገበያ ማእከል በ ዋናው መግቢያ መሬት ላይ
ወይንም ግራውንድ ፍሎር ብቅ ይበሉ
 👉ነቫ ኮምፒውተር👈 መሆኑን ያረጋግጡ

ድህረ ገጻችንን ይጎብኙ
www.nevacomputer.com

ቴሌግራም ቻናላችንን ይቀላቀሉ

https://t.me/nevacomputer",True,data/nevacomputer/media/8746.jpg,ለአጭር መልእክት ይደዉሉ አድራሻ መገናኛ ማራቶን የ ገበያ ማእከል በ ዋናው መግቢያ መሬት ላይ ወይንም ግራውንድ ፍሎር ብቅ ይበሉ ነቫ ኮምፒውተር መሆኑን ያረጋግጡ ድህረ ገጻችንን ይጎብኙ ቴሌግራም ቻናላችንን ይቀላቀሉ
@nevacomputer,8745,2025-04-12 07:52:36,-1001195361398,,True,data/nevacomputer/media/8745.jpg,
@nevacomputer,8744,2025-04-12 07:48:13,-1001195361398,,True,data/nevacomputer/media/8744.jpg,
@nevacomputer,8743,2025-04-12 07:48:13,-1001195361398,,True,data/nevacomputer/media/8743.jpg,
@nevacomputer,8742,2025-04-12 07:48:13,-1001195361398,,True,data/nevacomputer/media/8742.jpg,
@nevacomputer,8741,2025-04-12 07:48:13,-1001195361398,"#WORKSTATION  ✔️
#student offer 
#europa standard 🗯️
🅑︎🅡︎🅐︎🅝︎🅓︎ : DELL PRECISION 
✨🅓︎🅘︎🅢︎🅟︎🅛︎🅐︎🅨︎: 15.6 inch FHD
✨🅒︎🅟︎🅤︎: CORE I9 9th gen💪  
✨🅡︎🅐︎🅜︎:16GB 𝗗𝗗𝗥4 
✨🅢︎🅣︎🅞︎🅡︎🅐︎🅖︎: 512GB SSD 
✨🅖︎🅡︎🅐︎🅟︎🅗︎🅘︎🅒︎🅢︎: 4GB NIVIDIA QUADRO T2000 (GTX 1650TI) 
✨🅞︎🅢︎:𝘄𝗶𝗻𝗱𝗼𝘄𝘀 11 pro 22H2 
✨🅑︎🅐︎🅣︎🅣︎🅔︎🅡︎🅨︎: 5hr plus 
Price : 89000 birr
📩@rasneva ለአጭር መልእክት
 ይደዉሉ ☎️
+251912759900
+251920153333

🏢 አድራሻ: - መገናኛ ማራቶን የ ገበያ ማእከል በ ዋናው መግቢያ መሬት ላይ
ወይንም ግራውንድ ፍሎር ብቅ ይበሉ
 👉ነቫ ኮምፒውተር👈 መሆኑን ያረጋግጡ

ድህረ ገጻችንን ይጎብኙ
www.nevacomputer.com

ቴሌግራም ቻናላችንን ይቀላቀሉ

https://t.me/nevacomputer

     🔠🔠🔠🅰️ 🔠🔠🔠🔠🔠🔠🔠🔠",True,data/nevacomputer/media/8741.jpg,ለአጭር መልእክት ይደዉሉ አድራሻ መገናኛ ማራቶን የ ገበያ ማእከል በ ዋናው መግቢያ መሬት ላይ ወይንም ግራውንድ ፍሎር ብቅ ይበሉ ነቫ ኮምፒውተር መሆኑን ያረጋግጡ ድህረ ገጻችንን ይጎብኙ ቴሌግራም ቻናላችንን ይቀላቀሉ
@nevacomputer,8740,2025-04-12 07:48:13,-1001195361398,,True,data/nevacomputer/media/8740.jpg,
@nevacomputer,8739,2025-04-12 07:46:04,-1001195361398,,True,data/nevacomputer/media/8739.jpg,
@nevacomputer,8738,2025-04-12 07:46:04,-1001195361398,,True,data/nevacomputer/media/8738.jpg,
@nevacomputer,8737,2025-04-12 07:46:04,-1001195361398,"DONT MISS IT

🅑︎🅡︎🅐︎🅝︎🅓︎ : MSI MODERN ❤️
✨🅓︎🅘︎🅢︎🅟︎🅛︎🅐︎🅨︎: 14” FHD THIN BEZEL
✨🅒︎🅟︎🅤︎: CORE I5 10th generation 
✨🅡︎🅐︎🅜︎:16 GB 𝗗𝗗𝗥4
✨🅢︎🅣︎🅞︎🅡︎🅐︎🅖︎: 512 GB SSD 
✨🅖︎raphics: Intel UHD 
✨🅞︎🅢︎:window 11 pro 
✨🅑︎🅐︎🅣︎🅣︎🅔︎🅡︎🅨︎: 8HR 
✨🅢︎🅣︎🅐︎🅣︎🅤︎🅢︎:  open box 
Price  54000 birr
📩@rasneva ለአጭር መልእክት
 ይደዉሉ ☎️
+251912759900
+251920153333

🏢 አድራሻ: - መገናኛ ማራቶን የ ገበያ ማእከል በ ዋናው መግቢያ መሬት ላይ
ወይንም ግራውንድ ፍሎር ብቅ ይበሉ
 👉ነቫ ኮምፒውተር👈 መሆኑን ያረጋግጡ

ድህረ ገጻችንን ይጎብኙ
www.nevacomputer.com

ቴሌግራም ቻናላችንን ይቀላቀሉ

https://t.me/nevacomputer",True,data/nevacomputer/media/8737.jpg,ለአጭር መልእክት ይደዉሉ አድራሻ መገናኛ ማራቶን የ ገበያ ማእከል በ ዋናው መግቢያ መሬት ላይ ወይንም ግራውንድ ፍሎር ብቅ ይበሉ ነቫ ኮምፒውተር መሆኑን ያረጋግጡ ድህረ ገጻችንን ይጎብኙ ቴሌግራም ቻናላችንን ይቀላቀሉ
@nevacomputer,8736,2025-04-12 07:42:18,-1001195361398,,True,data/nevacomputer/media/8736.jpg,
@nevacomputer,8735,2025-04-12 07:42:18,-1001195361398,"from Neva computer 
#budgeted performance laptop

🅑︎🅡︎🅐︎🅝︎🅓︎ : Hp 850 G4
✨🅓︎🅘︎🅢︎🅟︎🅛︎🅐︎🅨︎: 15.6” 1080 resolution 
✨🅒︎🅟︎🅤︎: 𝗶𝗻𝘁𝗲𝗹®𝗰𝗼𝗿𝗲 𝗶7 7th generation  2.9Ghz
✨🅡︎🅐︎🅜︎:8GB 𝗗𝗗𝗥4 
✨🅢︎🅣︎🅞︎🅡︎🅐︎🅖︎🅔︎: 512GB SSD 
✨🅖︎🅡︎🅐︎🅟︎🅗︎🅘︎🅒︎🅢︎: intel hd 
✨🅞︎🅢︎:𝘄𝗶𝗻𝗱𝗼𝘄𝘀 10 pro 
✨🅑︎🅐︎🅣︎🅣︎🅔︎🅡︎🅨︎: 4hr 𝗽𝗹𝘂𝘀
✨🅢︎🅣︎🅐︎🅣︎🅤︎🅢︎: open box
Price 39500 BIRR
📩@rasneva ለአጭር መልእክት
 ይደዉሉ ☎️
+251912759900
+251920153333

🏢 አድራሻ : - መገናኛ ማራቶን የ ገበያ ማእከል በ ዋናው መግቢያ መሬት ላይ
ወይንም ግራውንድ ፍሎር ብቅ ይበሉ
 👉ነቫ ኮምፒውተር👈 መሆኑን ያረጋግጡ

ድህረ ገጻችንን ይጎብኙ
www.nevacomputer.com

ቴሌግራም ቻናላችንን ይቀላቀሉ

https://t.me/nevacomputer

     ""🅝︎🅔︎🅥︎🅐︎   🅒︎🅞︎🅜︎🅟︎🅤︎🅣︎🅔︎🅡︎""",True,data/nevacomputer/media/8735.jpg,ለአጭር መልእክት ይደዉሉ አድራሻ መገናኛ ማራቶን የ ገበያ ማእከል በ ዋናው መግቢያ መሬት ላይ ወይንም ግራውንድ ፍሎር ብቅ ይበሉ ነቫ ኮምፒውተር መሆኑን ያረጋግጡ ድህረ ገጻችንን ይጎብኙ ቴሌግራም ቻናላችንን ይቀላቀሉ
@nevacomputer,8734,2025-03-30 06:20:02,-1001195361398,Eid- mubarak,True,data/nevacomputer/media/8734.jpg,
@nevacomputer,8733,2025-03-20 12:43:37,-1001195361398,,True,data/nevacomputer/media/8733.jpg,
@nevacomputer,8732,2025-03-20 12:43:37,-1001195361398,,True,data/nevacomputer/media/8732.jpg,
@nevacomputer,8731,2025-03-20 12:43:37,-1001195361398,,True,data/nevacomputer/media/8731.jpg,
@nevacomputer,8730,2025-03-20 12:43:36,-1001195361398,"#EUROPE STANDARD 
🅑︎🅡︎🅐︎🅝︎🅓︎ : DELL 
✨🅓︎🅘︎🅢︎🅟︎🅛︎🅐︎🅨︎: 14” FULL HD 
✨🅒︎🅟︎🅤︎: CORE I5 12th generation (10 core and 12 logical processor) 
✨🅡︎🅐︎🅜︎:16Gb 𝗗𝗗𝗥4
✨🅢︎🅣︎🅞︎🅡︎🅐︎🅖︎: 256 GB SSD 
✨🅖︎🅡︎🅐︎🅟︎🅗︎🅘︎🅒︎🅢︎: IRIS XE 
✨🅞︎🅢︎:window 10 pro
✨🅑︎🅐︎🅣︎🅣︎🅔︎🅡︎🅨︎: 10HR
✨🅢︎🅣︎🅐︎🅣︎🅤︎🅢︎:  packed brand new 
Price  👇
📧@rasneva ለአጭር መልእክት
 ይደዉሉ ☎️
+251912759900
+251920153333

🏢 አድራሻ: - መገናኛ ማራቶን የ ገበያ ማእከል በ ዋናው መግቢያ መሬት ላይ
ወይንም ግራውንድ ፍሎር ብቅ ይበሉ
 👉ነቫ ኮምፒውተር👈 መሆኑን ያረጋግጡ

ድህረ ገጻችንን ይጎብኙ
www.nevacomputer.com

ቴሌግራም ቻናላችንን ይቀላቀሉ

https://t.me/nevacomputer",True,data/nevacomputer/media/8730.jpg,ለአጭር መልእክት ይደዉሉ አድራሻ መገናኛ ማራቶን የ ገበያ ማእከል በ ዋናው መግቢያ መሬት ላይ ወይንም ግራውንድ ፍሎር ብቅ ይበሉ ነቫ ኮምፒውተር መሆኑን ያረጋግጡ ድህረ ገጻችንን ይጎብኙ ቴሌግራም ቻናላችንን ይቀላቀሉ
@nevacomputer,8729,2025-03-20 12:40:01,-1001195361398,,True,data/nevacomputer/media/8729.jpg,
@nevacomputer,8728,2025-03-20 12:40:01,-1001195361398,"#HP
🅑︎🅡︎🅐︎🅝︎🅓︎ : HP PAVILION 
✨🅓︎🅘︎🅢︎🅟︎🅛︎🅐︎🅨︎:14”
✨🅒︎🅟︎🅤︎: CORE I5 10th generation 
✨🅡︎🅐︎🅜︎:16 GB 𝗗𝗗𝗥4
✨🅢︎🅣︎🅞︎🅡︎🅐︎🅖︎: 512 GB SSD 
✨🅖︎raphics: 2GB MX450 graphics card 
✨🅞︎🅢︎:window 11 pro 
✨🅑︎🅐︎🅣︎🅣︎🅔︎🅡︎🅨︎: 5HR
✨🅢︎🅣︎🅐︎🅣︎🅤︎🅢︎:  brand new
Price  👇
📩@rasneva ለአጭር መልእክት
 ይደዉሉ ☎️

🏢 አድራሻ: - መገናኛ ማራቶን የ ገበያ ማእከል በ ዋናው መግቢያ መሬት ላይ
ወይንም ግራውንድ ፍሎር ብቅ ይበሉ
 👉ነቫ ኮምፒውተር👈 መሆኑን ያረጋግጡ

ድህረ ገጻችንን ይጎብኙ
www.nevacomputer.com

ቴሌግራም ቻናላችንን ይቀላቀሉ

https://t.me/nevacomputer",True,data/nevacomputer/media/8728.jpg,ለአጭር መልእክት ይደዉሉ አድራሻ መገናኛ ማራቶን የ ገበያ ማእከል በ ዋናው መግቢያ መሬት ላይ ወይንም ግራውንድ ፍሎር ብቅ ይበሉ ነቫ ኮምፒውተር መሆኑን ያረጋግጡ ድህረ ገጻችንን ይጎብኙ ቴሌግራም ቻናላችንን ይቀላቀሉ
@nevacomputer,8727,2025-03-20 12:36:18,-1001195361398,,True,data/nevacomputer/media/8727.jpg,
@nevacomputer,8726,2025-03-20 12:36:18,-1001195361398,"#HP
🅑︎🅡︎🅐︎🅝︎🅓︎ : HP NOTEBOOK 
✨🅓︎🅘︎🅢︎🅟︎🅛︎🅐︎🅨︎:15.6”
✨🅒︎🅟︎🅤︎: CORE I7 10th generation 
✨🅡︎🅐︎🅜︎:16 GB 𝗗𝗗𝗥4
✨🅢︎🅣︎🅞︎🅡︎🅐︎🅖︎: 512 GB SSD 
✨🅖︎raphics: intel uhd graphics 
✨🅞︎🅢︎:window 11 pro 
✨🅑︎🅐︎🅣︎🅣︎🅔︎🅡︎🅨︎: 4HR
✨🅢︎🅣︎🅐︎🅣︎🅤︎🅢︎:  open box 
Price  46000 birr 😱😱
📩@rasneva ለአጭር መልእክት
 ይደዉሉ ☎️

🏢 አድራሻ: - መገናኛ ማራቶን የ ገበያ ማእከል በ ዋናው መግቢያ መሬት ላይ
ወይንም ግራውንድ ፍሎር ብቅ ይበሉ
 👉ነቫ ኮምፒውተር👈 መሆኑን ያረጋግጡ

ድህረ ገጻችንን ይጎብኙ
www.nevacomputer.com

ቴሌግራም ቻናላችንን ይቀላቀሉ

https://t.me/nevacomputer",True,data/nevacomputer/media/8726.jpg,ለአጭር መልእክት ይደዉሉ አድራሻ መገናኛ ማራቶን የ ገበያ ማእከል በ ዋናው መግቢያ መሬት ላይ ወይንም ግራውንድ ፍሎር ብቅ ይበሉ ነቫ ኮምፒውተር መሆኑን ያረጋግጡ ድህረ ገጻችንን ይጎብኙ ቴሌግራም ቻናላችንን ይቀላቀሉ
@nevacomputer,8725,2025-03-20 12:35:11,-1001195361398,"Very portable and can do multi-task

#HP
🅑︎🅡︎🅐︎🅝︎🅓︎ : HP ELITEBOOK 
✨🅓︎🅘︎🅢︎🅟︎🅛︎🅐︎🅨︎:14”
✨🅒︎🅟︎🅤︎: CORE I7 10th generation 
✨🅡︎🅐︎🅜︎:16 GB 𝗗𝗗𝗥4
✨🅢︎🅣︎🅞︎🅡︎🅐︎🅖︎: 512 GB SSD 
✨🅖︎raphics: intel uhd graphics 
✨🅞︎🅢︎:window 11 pro 
✨🅑︎🅐︎🅣︎🅣︎🅔︎🅡︎🅨︎: 6HR plus 
✨🅢︎🅣︎🅐︎🅣︎🅤︎🅢︎:  new 
Price  👇
📩@rasneva ለአጭር መልእክት
 ይደዉሉ ☎️

🏢 አድራሻ: - መገናኛ ማራቶን የ ገበያ ማእከል በ ዋናው መግቢያ መሬት ላይ
ወይንም ግራውንድ ፍሎር ብቅ ይበሉ
 👉ነቫ ኮምፒውተር👈 መሆኑን ያረጋግጡ

ድህረ ገጻችንን ይጎብኙ
www.nevacomputer.com

ቴሌግራም ቻናላችንን ይቀላቀሉ

https://t.me/nevacomputer",True,data/nevacomputer/media/8725.jpg,ለአጭር መልእክት ይደዉሉ አድራሻ መገናኛ ማራቶን የ ገበያ ማእከል በ ዋናው መግቢያ መሬት ላይ ወይንም ግራውንድ ፍሎር ብቅ ይበሉ ነቫ ኮምፒውተር መሆኑን ያረጋግጡ ድህረ ገጻችንን ይጎብኙ ቴሌግራም ቻናላችንን ይቀላቀሉ
@nevacomputer,8724,2025-03-20 12:35:11,-1001195361398,,True,data/nevacomputer/media/8724.jpg,
@nevacomputer,8721,2025-03-20 11:59:30,-1001195361398,,True,data/nevacomputer/media/8721.jpg,
@nevacomputer,8720,2025-03-20 11:59:30,-1001195361398,"Brand
Arozzi
Color
Black
Material
Alloy Steel, Polyurethane
Product Dimensions
21""D x 20""W x 20""H
Size
21D x 20W x 20H in
Item Weight
38 Pounds
• Supportive Pillow: The included lumbar pillow can be adjusted to the perfect height for maximum ergonomics
• Thick Padded Armrests: Extra padding provides soft support for your forearms and elbows, providing hours of comfort
• Rocking Function: The Milano can be locked in an upright position, or unlocked to rock freely back and forth
 • PU Leather Material: The Milano is upholstered with automobile grade polyurethane leather, making it soft and easy to clean
 • Weight Capacity 210 lbs.

📩@rasneva ለአጭር መልእክት",True,data/nevacomputer/media/8720.jpg,ለአጭር መልእክት
@nevacomputer,8718,2024-12-07 06:55:36,-1001195361398,,True,data/nevacomputer/media/8718.jpg,
@nevacomputer,8717,2024-12-07 06:55:36,-1001195361398,,True,data/nevacomputer/media/8717.jpg,
@nevacomputer,8716,2024-12-07 06:55:36,-1001195361398,,True,data/nevacomputer/media/8716.jpg,
@nevacomputer,8715,2024-12-07 06:55:36,-1001195361398,"Very portable and can do multi-task

#HP ELITEBOOK 1040 G6
🅑︎🅡︎🅐︎🅝︎🅓︎ : HP ELITEBOOK 
✨🅓︎🅘︎🅢︎🅟︎🅛︎🅐︎🅨︎: 14” convertable touch screen full HD
✨🅒︎🅟︎🅤︎: CORE I7 8th generation 
✨🅡︎🅐︎🅜︎:16 GB 𝗗𝗗𝗥4
✨🅢︎🅣︎🅞︎🅡︎🅐︎🅖︎: 512 GB SSD 
✨🅖︎raphics: intel uhd graphics 
✨🅞︎🅢︎:window 11 pro 
✨🅑︎🅐︎🅣︎🅣︎🅔︎🅡︎🅨︎: 5HR
✨🅢︎🅣︎🅐︎🅣︎🅤︎🅢︎:  open box 
Price  👇
📩@rasneva ለአጭር መልእክት
 ይደዉሉ ☎️
🏢 አድራሻ: - መገናኛ ማራቶን የ ገበያ ማእከል በ ዋናው መግቢያ መሬት ላይ
ወይንም ግራውንድ ፍሎር ብቅ ይበሉ
 👉ነቫ ኮምፒውተር👈 መሆኑን ያረጋግጡ

ድህረ ገጻችንን ይጎብኙ
www.nevacomputer.com

ቴሌግራም ቻናላችንን ይቀላቀሉ

https://t.me/nevacomputer",True,data/nevacomputer/media/8715.jpg,ለአጭር መልእክት ይደዉሉ አድራሻ መገናኛ ማራቶን የ ገበያ ማእከል በ ዋናው መግቢያ መሬት ላይ ወይንም ግራውንድ ፍሎር ብቅ ይበሉ ነቫ ኮምፒውተር መሆኑን ያረጋግጡ ድህረ ገጻችንን ይጎብኙ ቴሌግራም ቻናላችንን ይቀላቀሉ
@nevacomputer,8714,2024-12-07 06:55:13,-1001195361398,,True,data/nevacomputer/media/8714.jpg,
@nevacomputer,8713,2024-12-07 06:55:13,-1001195361398,"Very portable and can do multi-task

#HP
🅑︎🅡︎🅐︎🅝︎🅓︎ : HP ELITEBOOK 
✨🅓︎🅘︎🅢︎🅟︎🅛︎🅐︎🅨︎:14”
✨🅒︎🅟︎🅤︎: CORE I7 8th generation 
✨🅡︎🅐︎🅜︎:16 GB 𝗗𝗗𝗥4
✨🅢︎🅣︎🅞︎🅡︎🅐︎🅖︎: 512 GB SSD 
✨🅖︎raphics: intel uhd graphics 
✨🅞︎🅢︎:window 11 pro 
✨🅑︎🅐︎🅣︎🅣︎🅔︎🅡︎🅨︎: 5HR
✨🅢︎🅣︎🅐︎🅣︎🅤︎🅢︎:  open box 
Price  👇
📩@rasneva ለአጭር መልእክት
 ይደዉሉ ☎️

🏢 አድራሻ: - መገናኛ ማራቶን የ ገበያ ማእከል በ ዋናው መግቢያ መሬት ላይ
ወይንም ግራውንድ ፍሎር ብቅ ይበሉ
 👉ነቫ ኮምፒውተር👈 መሆኑን ያረጋግጡ

ድህረ ገጻችንን ይጎብኙ
www.nevacomputer.com

ቴሌግራም ቻናላችንን ይቀላቀሉ

https://t.me/nevacomputer",True,data/nevacomputer/media/8713.jpg,ለአጭር መልእክት ይደዉሉ አድራሻ መገናኛ ማራቶን የ ገበያ ማእከል በ ዋናው መግቢያ መሬት ላይ ወይንም ግራውንድ ፍሎር ብቅ ይበሉ ነቫ ኮምፒውተር መሆኑን ያረጋግጡ ድህረ ገጻችንን ይጎብኙ ቴሌግራም ቻናላችንን ይቀላቀሉ
@nevacomputer,8712,2024-12-07 06:52:27,-1001195361398,"#hp Elitebook 
#EUROPE STANDARD 
🅑︎🅡︎🅐︎🅝︎🅓︎ : hp Elitebook TOUCH SCREEN 
✨🅓︎🅘︎🅢︎🅟︎🅛︎🅐︎🅨︎: 14” ultra slim TOUCH SCREEN 
✨🅒︎🅟︎🅤︎: core i7 10th generation 
✨🅡︎🅐︎🅜︎:16GB 𝗗𝗗𝗥4
✨🅢︎🅣︎🅞︎🅡︎🅐︎🅖︎: 512GB SSD
✨🅖︎🅡︎🅐︎🅟︎🅗︎🅘︎🅒︎🅢︎: Intel Iris graphics card
✨🅞︎🅢︎:window 10 pro
✨🅑︎🅐︎🅣︎🅣︎🅔︎🅡︎🅨︎:7hr 
✨🅢︎🅣︎🅐︎🅣︎🅤︎🅢︎:  brand new 
Price 👇
📩@rasneva ለአጭር መልእክት

🏢 አድራሻ: - መገናኛ ማራቶን የ ገበያ ማእከል በ ዋናው መግቢያ መሬት ላይ
ወይንም ግራውንድ ፍሎር ብቅ ይበሉ
 👉ነቫ ኮምፒውተር👈 መሆኑን ያረጋግጡ",True,data/nevacomputer/media/8712.jpg,ለአጭር መልእክት አድራሻ መገናኛ ማራቶን የ ገበያ ማእከል በ ዋናው መግቢያ መሬት ላይ ወይንም ግራውንድ ፍሎር ብቅ ይበሉ ነቫ ኮምፒውተር መሆኑን ያረጋግጡ
@nevacomputer,8711,2024-12-07 06:52:27,-1001195361398,,True,data/nevacomputer/media/8711.jpg,
@nevacomputer,8710,2024-12-07 06:52:27,-1001195361398,,True,data/nevacomputer/media/8710.jpg,
@nevacomputer,8709,2024-12-07 06:33:16,-1001195361398,"🔤🔤🔤🅰️
🔤🔤🔤🔤🔤🔤🔤🔤

#9th generation workstation laptop ✔️
#USA STANDARD 
🅑︎🅡︎🅐︎🅝︎🅓︎ : LENOVO thinkpad p50
✨🅓︎🅘︎🅢︎🅟︎🅛︎🅐︎🅨︎: 15.6” 4k screen 
✨🅒︎🅟︎🅤︎: CORE I7 8th gen❤️  12 cpu
✨🅡︎🅐︎🅜︎:16GB 𝗗𝗗𝗥4 
✨🅢︎🅣︎🅞︎🅡︎🅐︎🅖︎: 512 GB SSD
✨🅖︎🅡︎🅐︎🅟︎🅗︎🅘︎🅒︎🅢︎: 4GB NIVIDIA QUADRO T2000
✨🅞︎🅢︎:𝘄𝗶𝗻𝗱𝗼𝘄𝘀 11 pro 22H2 
✨🅑︎🅐︎🅣︎🅣︎🅔︎🅡︎🅨︎: 6HR
✨🅢︎🅣︎🅐︎🅣︎🅤︎🅢︎: openbox
Price  87000
📩@rasneva ለአጭር መልእክት
🏢 አድራሻ: - መገናኛ ማራቶን የ ገበያ ማእከል በ ዋናው መግቢያ መሬት ላይ
ወይንም ግራውንድ ፍሎር ብቅ ይበሉ
 👉ነቫ ኮምፒውተር👈 መሆኑን ያረጋግጡ

ድህረ ገጻችንን ይጎብኙ
www.nevacomputer.com

ቴሌግራም ቻናላችንን ይቀላቀሉ

https://t.me/nevacomputer

     🔠🔠🔠🅰️ 🔠🔠🔠🔠🔠🔠🔠🔠",True,data/nevacomputer/media/8709.jpg,ለአጭር መልእክት አድራሻ መገናኛ ማራቶን የ ገበያ ማእከል በ ዋናው መግቢያ መሬት ላይ ወይንም ግራውንድ ፍሎር ብቅ ይበሉ ነቫ ኮምፒውተር መሆኑን ያረጋግጡ ድህረ ገጻችንን ይጎብኙ ቴሌግራም ቻናላችንን ይቀላቀሉ
@nevacomputer,8708,2024-12-07 06:33:16,-1001195361398,,True,data/nevacomputer/media/8708.jpg,
@nevacomputer,8707,2024-12-07 06:33:16,-1001195361398,,True,data/nevacomputer/media/8707.jpg,
@nevacomputer,8706,2024-12-07 06:31:12,-1001195361398,,True,data/nevacomputer/media/8706.jpg,
@nevacomputer,8705,2024-12-07 06:31:12,-1001195361398,,True,data/nevacomputer/media/8705.jpg,
@nevacomputer,8704,2024-12-07 06:31:12,-1001195361398,"#HP PAVILION
🅑︎🅡︎🅐︎🅝︎🅓︎ : HP PAVILION X360 
✨🅓︎🅘︎🅢︎🅟︎🅛︎🅐︎🅨︎: 14” FHD TOUCH SCREEN CONVERTIBLE 
✨🅒︎🅟︎🅤︎: CORE I5 11th GEN 💪🏽
✨🅡︎🅐︎🅜︎:16Gb 𝗗𝗗𝗥4
✨🅢︎🅣︎🅞︎🅡︎🅐︎🅖︎: 512GB SSD 
✨🅖︎🅡︎🅐︎🅟︎🅗︎🅘︎🅒︎🅢︎: INTEL IRIS XE GRAPHICS 
✨🅞︎🅢︎:window 10 pro
✨🅑︎🅐︎🅣︎🅣︎🅔︎🅡︎🅨︎: 6HR
✨🅢︎🅣︎🅐︎🅣︎🅤︎🅢︎:  brand new 
📩@rasneva ለአጭር መልእክት

🏢 አድራሻ: - መገናኛ ማራቶን የ ገበያ ማእከል በ ዋናው መግቢያ መሬት ላይ
ወይንም ግራውንድ ፍሎር ብቅ ይበሉ
 👉ነቫ ኮምፒውተር👈 መሆኑን ያረጋግጡ",True,data/nevacomputer/media/8704.jpg,ለአጭር መልእክት አድራሻ መገናኛ ማራቶን የ ገበያ ማእከል በ ዋናው መግቢያ መሬት ላይ ወይንም ግራውንድ ፍሎር ብቅ ይበሉ ነቫ ኮምፒውተር መሆኑን ያረጋግጡ
@nevacomputer,8703,2024-12-07 06:31:11,-1001195361398,,True,data/nevacomputer/media/8703.jpg,
@nevacomputer,8702,2024-12-07 06:28:23,-1001195361398,"🔥2022 BRAND NEW🔥🔥🔥
🅑︎🅡︎🅐︎🅝︎🅓︎ : LENOVO LOQ
✨🅓︎🅘︎🅢︎🅟︎🅛︎🅐︎🅨︎: 2K RESOLUTION 
✨🅒︎🅟︎🅤︎:RYZEN 7 7000 serious 
✨🅡︎🅐︎🅜︎:16GB 𝗗𝗗𝗥4 
✨🅢︎🅣︎🅞︎🅡︎🅐︎🅖︎: 512 SSD
✨🅖︎🅡︎🅐︎🅟︎🅗︎🅘︎🅒︎🅢︎: RTX 4050 4GB DEDICATED 
✨🅞︎🅢︎:𝘄𝗶𝗻𝗱𝗼𝘄𝘀 11 pro 22H2 
✨🅑︎🅐︎🅣︎🅣︎🅔︎🅡︎🅨︎: 6HR
✨🅢︎🅣︎🅐︎🅣︎🅤︎🅢︎: BRAND NEW 
CONTACT @rasneva
🏢 አድራሻ: - መገናኛ ማራቶን የ ገበያ ማእከል በ ዋናው መግቢያ መሬት ላይ
ወይንም ግራውንድ ፍሎር ብቅ ይበሉ
 👉ነቫ ኮምፒውተር👈 መሆኑን ያረጋግጡ",True,data/nevacomputer/media/8702.jpg,አድራሻ መገናኛ ማራቶን የ ገበያ ማእከል በ ዋናው መግቢያ መሬት ላይ ወይንም ግራውንድ ፍሎር ብቅ ይበሉ ነቫ ኮምፒውተር መሆኑን ያረጋግጡ
@nevacomputer,8701,2024-12-07 06:28:23,-1001195361398,,True,data/nevacomputer/media/8701.jpg,
@nevacomputer,8700,2024-12-07 06:28:23,-1001195361398,,True,data/nevacomputer/media/8700.jpg,
@nevacomputer,8699,2024-12-07 06:28:23,-1001195361398,,True,data/nevacomputer/media/8699.jpg,
@nevacomputer,8698,2024-12-07 06:28:23,-1001195361398,,True,data/nevacomputer/media/8698.jpg,
@nevacomputer,8697,2024-10-19 13:31:43,-1001195361398,It’s arrived the new and latest RAZER BLADE 18 stay tuned,True,data/nevacomputer/media/8697.jpg,
@nevacomputer,8696,2024-10-08 19:07:52,-1001195361398,,True,data/nevacomputer/media/8696.jpg,
@nevacomputer,8695,2024-10-08 19:07:52,-1001195361398,"DONT MISS IT ⚠️⚠️⚠️

🅑︎🅡︎🅐︎🅝︎🅓︎ : ASUS ROGSTRIX 
✨🅓︎🅘︎🅢︎🅟︎🅛︎🅐︎🅨︎: 17” FULL HD 144HZ 
✨🅒︎🅟︎🅤︎: CORE I7 9th generation 
✨🅡︎🅐︎🅜︎:32GB DDR4😱
✨🅢︎🅣︎🅞︎🅡︎🅐︎🅖︎: 2TB HDD AND 1TB SSD 
✨🅖︎🅡︎🅐︎🅟︎🅗︎🅘︎🅒︎🅢︎: NIVIDIA RTX 2060 6GB 
✨🅞︎🅢︎:window 10 pro
✨🅑︎🅐︎🅣︎🅣︎🅔︎🅡︎🅨︎: 5HR 
✨🅢︎🅣︎🅐︎🅣︎🅤︎🅢︎:  open box
Price  115000 birr
📩@rasneva ለአጭር መልእክት
 ይደዉሉ ☎️
+251912759900
+251920153333

🏢 አድራሻ: - መገናኛ ማራቶን የ ገበያ ማእከል በ ዋናው መግቢያ መሬት ላይ
ወይንም ግራውንድ ፍሎር ብቅ ይበሉ
 👉ነቫ ኮምፒውተር👈 መሆኑን ያረጋግጡ

ድህረ ገጻችንን ይጎብኙ
www.nevacomputer.com

ቴሌግራም ቻናላችንን ይቀላቀሉ

https://t.me/nevacomputer",True,data/nevacomputer/media/8695.jpg,ለአጭር መልእክት ይደዉሉ አድራሻ መገናኛ ማራቶን የ ገበያ ማእከል በ ዋናው መግቢያ መሬት ላይ ወይንም ግራውንድ ፍሎር ብቅ ይበሉ ነቫ ኮምፒውተር መሆኑን ያረጋግጡ ድህረ ገጻችንን ይጎብኙ ቴሌግራም ቻናላችንን ይቀላቀሉ
@nevacomputer,8694,2024-10-08 19:07:52,-1001195361398,,True,data/nevacomputer/media/8694.jpg,
@nevacomputer,8693,2024-10-08 19:07:52,-1001195361398,,True,data/nevacomputer/media/8693.jpg,
@nevacomputer,8692,2024-10-08 19:07:52,-1001195361398,,True,data/nevacomputer/media/8692.jpg,
@nevacomputer,8691,2024-09-25 07:15:55,-1001195361398,,True,data/nevacomputer/media/8691.jpg,
@nevacomputer,8690,2024-09-25 07:15:55,-1001195361398,"🅑︎🅡︎🅐︎🅝︎🅓︎ : DELL G15 
✨🅓︎🅘︎🅢︎🅟︎🅛︎🅐︎🅨︎: 15.6” FULL HD 165HZ 
✨🅒︎🅟︎🅤︎: CORE I7 11th generation 
✨🅡︎🅐︎🅜︎:16Gb 𝗗𝗗𝗥4
✨🅢︎🅣︎🅞︎🅡︎🅐︎🅖︎: 512 GB SSD 
✨🅖︎🅡︎🅐︎🅟︎🅗︎🅘︎🅒︎🅢︎: NIVIDIA RTX 3060 6GB 
✨🅞︎🅢︎:window 10 pro
✨🅑︎🅐︎🅣︎🅣︎🅔︎🅡︎🅨︎: 5HR 
✨🅢︎🅣︎🅐︎🅣︎🅤︎🅢︎:  open box
Price  129500 birr
📩@rasneva ለአጭር መልእክት
 ይደዉሉ ☎️
+251912759900
+251920153333

🏢 አድራሻ: - መገናኛ ማራቶን የ ገበያ ማእከል በ ዋናው መግቢያ መሬት ላይ
ወይንም ግራውንድ ፍሎር ብቅ ይበሉ
 👉ነቫ ኮምፒውተር👈 መሆኑን ያረጋግጡ

ድህረ ገጻችንን ይጎብኙ
www.nevacomputer.com

ቴሌግራም ቻናላችንን ይቀላቀሉ

https://t.me/nevacomputer",True,data/nevacomputer/media/8690.jpg,ለአጭር መልእክት ይደዉሉ አድራሻ መገናኛ ማራቶን የ ገበያ ማእከል በ ዋናው መግቢያ መሬት ላይ ወይንም ግራውንድ ፍሎር ብቅ ይበሉ ነቫ ኮምፒውተር መሆኑን ያረጋግጡ ድህረ ገጻችንን ይጎብኙ ቴሌግራም ቻናላችንን ይቀላቀሉ
@nevacomputer,8689,2024-09-25 07:00:47,-1001195361398,,True,data/nevacomputer/media/8689.jpg,
@nevacomputer,8688,2024-09-25 07:00:47,-1001195361398,"🅑︎🅡︎🅐︎🅝︎🅓︎ : ASUS ZEYPHRUS M16 
✨🅓︎🅘︎🅢︎🅟︎🅛︎🅐︎🅨︎: 15.6” 2K 165HZ 
✨🅒︎🅟︎🅤︎: CORE I7 11th generation 
✨🅡︎🅐︎🅜︎:16Gb 𝗗𝗗𝗥4
✨🅢︎🅣︎🅞︎🅡︎🅐︎🅖︎: 512 GB SSD 
✨🅖︎🅡︎🅐︎🅟︎🅗︎🅘︎🅒︎🅢︎: NIVIDIA RTX 3060 6GB 
✨🅞︎🅢︎:window 10 pro
✨🅑︎🅐︎🅣︎🅣︎🅔︎🅡︎🅨︎: 5HR 
✨🅢︎🅣︎🅐︎🅣︎🅤︎🅢︎:  open box
Price  129500 birr
📩@rasneva ለአጭር መልእክት
 ይደዉሉ ☎️
+251912759900
+251920153333

🏢 አድራሻ: - መገናኛ ማራቶን የ ገበያ ማእከል በ ዋናው መግቢያ መሬት ላይ
ወይንም ግራውንድ ፍሎር ብቅ ይበሉ
 👉ነቫ ኮምፒውተር👈 መሆኑን ያረጋግጡ

ድህረ ገጻችንን ይጎብኙ
www.nevacomputer.com

ቴሌግራም ቻናላችንን ይቀላቀሉ

https://t.me/nevacomputer",True,data/nevacomputer/media/8688.jpg,ለአጭር መልእክት ይደዉሉ አድራሻ መገናኛ ማራቶን የ ገበያ ማእከል በ ዋናው መግቢያ መሬት ላይ ወይንም ግራውንድ ፍሎር ብቅ ይበሉ ነቫ ኮምፒውተር መሆኑን ያረጋግጡ ድህረ ገጻችንን ይጎብኙ ቴሌግራም ቻናላችንን ይቀላቀሉ
@nevacomputer,8687,2024-09-25 06:31:10,-1001195361398,,True,data/nevacomputer/media/8687.jpg,
@nevacomputer,8686,2024-09-25 06:31:10,-1001195361398,,True,data/nevacomputer/media/8686.jpg,
@nevacomputer,8685,2024-09-25 06:31:10,-1001195361398,,True,data/nevacomputer/media/8685.jpg,
@nevacomputer,8684,2024-09-25 06:31:10,-1001195361398,,True,data/nevacomputer/media/8684.jpg,
@nevacomputer,8683,2024-09-25 06:31:10,-1001195361398,,True,data/nevacomputer/media/8683.jpg,
@nevacomputer,8682,2024-09-25 06:31:10,-1001195361398,"FROM NEVA COMPUTER ⭐️

HIGH PERFORMANCE GAMING LAPTOP
🔽🔽🔽
Features 
 ✨Processor: 13th Gen Intel Core i5-13450HX Processor 2.4 GHz (20M Cache, up to 4.6 GHz, 10 cores: 6 P-cores and 4 E-cores);Memory: 16GB (8GB SO-DIMM *2) DDR5 4800 MHz Support Up to 32GB 2x SO-DIMM slots | Storage: 1TB PCIe 4.0 NVMe M.2 SSD
 ✨Play over 100 high-quality PC games, plus new and upcoming blockbusters on day one like Halo Infinite, Forza Horizon 5, and Age of Empires and one month of Game Pass-including EA Play.;With new games added all the time, there s always something new to play. Age of Empires IV, Back 4 Blood, Battlefield V, Forza Horizon 5, Halo Infinite*, Knockout City, Microsoft Flight Simulator, Minecraft PC Bundle, Need for Speed Heat, Psychonauts2, The Sims 4, Titanfall 2, 12 Minutes
 ✨Graphics: NVIDIA GeForce RTX 4050 Laptop GPU with MUX Switch + NVIDIA Advanced Optimus 6GB GDDR6 VRAM ROG Boost: 2420MHz* at 140W (2370MHz Boost Clock+50MHz OC, 115W+25W Dynamic Boost);Display: 16-inch FHD+ 16:10 (1920 x 1200, WUXGA), 165Hz IPS-level Anti-glare display, 7ms, 250nits 1000:1; Keyboard: Backlit Chiclet Keyboard 4-Zone RGB;Design: 2.26 ~ 3.04 cm | 2.50 Kg weight | 90WHrs, 4S1P, 4-cell Li-ion

📩@rasneva ለአጭር መልእክት
 ይደዉሉ ☎️
+251912759900
+251920153333

🏢 አድራሻ : - መገናኛ ማራቶን የ ገበያ ማእከል በ ዋናው መግቢያ መሬት ላይ
ወይንም ግራውንድ ፍሎር ብቅ ይበሉ
 👉ነቫ ኮምፒውተር👈 መሆኑን ያረጋግጡ

ድህረ ገጻችንን ይጎብኙ
www.nevacomputer.com

ቴሌግራም ቻናላችንን ይቀላቀሉ

https://t.me/nevacomputer

     ""🅝︎🅔︎🅥︎🅐︎   🅒︎🅞︎🅜︎🅟︎🅤︎🅣︎🅔︎🅡︎",True,data/nevacomputer/media/8682.jpg,ለአጭር መልእክት ይደዉሉ አድራሻ መገናኛ ማራቶን የ ገበያ ማእከል በ ዋናው መግቢያ መሬት ላይ ወይንም ግራውንድ ፍሎር ብቅ ይበሉ ነቫ ኮምፒውተር መሆኑን ያረጋግጡ ድህረ ገጻችንን ይጎብኙ ቴሌግራም ቻናላችንን ይቀላቀሉ
@nevacomputer,8680,2024-09-10 04:17:42,-1001195361398,"FROM NEVA COMPUTER
#GAMINGLAPTOP
FROM #USA👇🏾
PACKED

#MSI  katana 15  (GeForce RTX™ 4060, GDDR6 8GB)

• Windows 11 Home (MSI recommends Windows 11 Pro for business.)
 • NVIDIA® GeForce RTX™ 4060 Laptop GPU 8GB GDDR6
 • 15.6″ FHD (1920*1080), 144Hz 45%NTSC IPS-Level
 • Intel® Core™ i7-13650H
 • 512GB NVMe PCIe SSD Gen4x4
 • DDR5 8GB*2 (4800MHz)
 • Blue Backlit Gaming Keyboard
 • 3 cell, 53.5Whr


📩@rasneva ለአጭር መልእክት
 ይደዉሉ ☎️
+251912759900
+251920153333

🏢 አድራሻ : - መገናኛ ማራቶን የ ገበያ ማእከል በ ዋናው መግቢያ መሬት ላይ
ወይንም ግራውንድ ፍሎር ብቅ ይበሉ
 👉ነቫ ኮምፒውተር👈 መሆኑን ያረጋግጡ

ድህረ ገጻችንን ይጎብኙ
www.nevacomputer.com

ቴሌግራም ቻናላችንን ይቀላቀሉ

https://t.me/nevacomputer

     ""🅝︎🅔︎🅥︎🅐︎   🅒︎🅞︎🅜︎🅟︎🅤︎🅣︎🅔︎🅡︎",True,data/nevacomputer/media/8680.jpg,ለአጭር መልእክት ይደዉሉ አድራሻ መገናኛ ማራቶን የ ገበያ ማእከል በ ዋናው መግቢያ መሬት ላይ ወይንም ግራውንድ ፍሎር ብቅ ይበሉ ነቫ ኮምፒውተር መሆኑን ያረጋግጡ ድህረ ገጻችንን ይጎብኙ ቴሌግራም ቻናላችንን ይቀላቀሉ
@nevacomputer,8679,2024-09-10 04:17:42,-1001195361398,,True,data/nevacomputer/media/8679.jpg,
@nevacomputer,8678,2024-09-10 04:17:42,-1001195361398,,True,data/nevacomputer/media/8678.jpg,
@nevacomputer,8677,2024-09-10 04:17:42,-1001195361398,,True,data/nevacomputer/media/8677.jpg,
@nevacomputer,8676,2024-09-10 04:17:42,-1001195361398,,True,data/nevacomputer/media/8676.jpg,
@nevacomputer,8675,2024-09-10 04:17:41,-1001195361398,,True,data/nevacomputer/media/8675.jpg,
@nevacomputer,8674,2024-09-10 04:14:02,-1001195361398,,True,data/nevacomputer/media/8674.jpg,
@nevacomputer,8673,2024-09-10 04:14:02,-1001195361398,,True,data/nevacomputer/media/8673.jpg,
@nevacomputer,8672,2024-09-10 04:14:02,-1001195361398,,True,data/nevacomputer/media/8672.jpg,
@nevacomputer,8671,2024-09-10 04:14:02,-1001195361398,"🅑︎🅡︎🅐︎🅝︎🅓︎ : HP ZBOOK
✨🅓︎🅘︎🅢︎🅟︎🅛︎🅐︎🅨︎: 15.6” FULL HD
✨🅒︎🅟︎🅤︎: CORE I7 10th gen 
✨🅡︎🅐︎🅜︎:16Gb 𝗗𝗗𝗥4
✨🅢︎🅣︎🅞︎🅡︎🅐︎🅖︎: 512 GB SSD 
✨🅖︎🅡︎🅐︎🅟︎🅗︎🅘︎🅒︎🅢︎:4GB NIVIDIA QUADRO 
✨🅞︎🅢︎:window 10 pro
✨🅑︎🅐︎🅣︎🅣︎🅔︎🅡︎🅨︎: 5HR 
✨🅢︎🅣︎🅐︎🅣︎🅤︎🅢︎:  brand new 
Price 68500 birr
📩@rasneva ለአጭር መልእክት
 ይደዉሉ ☎️
+251912759900
+251920153333

🏢 አድራሻ: - መገናኛ ማራቶን የ ገበያ ማእከል በ ዋናው መግቢያ መሬት ላይ
ወይንም ግራውንድ ፍሎር ብቅ ይበሉ
 👉ነቫ ኮምፒውተር👈 መሆኑን ያረጋግጡ

ድህረ ገጻችንን ይጎብኙ
www.nevacomputer.com

ቴሌግራም ቻናላችንን ይቀላቀሉ

https://t.me/nevacomputer",True,data/nevacomputer/media/8671.jpg,ለአጭር መልእክት ይደዉሉ አድራሻ መገናኛ ማራቶን የ ገበያ ማእከል በ ዋናው መግቢያ መሬት ላይ ወይንም ግራውንድ ፍሎር ብቅ ይበሉ ነቫ ኮምፒውተር መሆኑን ያረጋግጡ ድህረ ገጻችንን ይጎብኙ ቴሌግራም ቻናላችንን ይቀላቀሉ
@nevacomputer,8670,2024-09-10 04:11:06,-1001195361398,,True,data/nevacomputer/media/8670.jpg,
@nevacomputer,8669,2024-09-10 04:11:06,-1001195361398,,True,data/nevacomputer/media/8669.jpg,
@nevacomputer,8668,2024-09-10 04:11:06,-1001195361398,,True,data/nevacomputer/media/8668.jpg,
@nevacomputer,8667,2024-09-10 04:11:06,-1001195361398,"🅑︎🅡︎🅐︎🅝︎🅓︎ : LENOVO LEGION 
✨🅓︎🅘︎🅢︎🅟︎🅛︎🅐︎🅨︎: 15.6” 2K 165HZ 
✨🅒︎🅟︎🅤︎: RUZEN 7 5000 SERIOUS (8 CORE AND 16CPU)
✨🅡︎🅐︎🅜︎:16Gb 𝗗𝗗𝗥4
✨🅢︎🅣︎🅞︎🅡︎🅐︎🅖︎: 512 GB SSD 
✨🅖︎🅡︎🅐︎🅟︎🅗︎🅘︎🅒︎🅢︎: NIVIDIA RTX 3060 6GB 
✨🅞︎🅢︎:window 10 pro
✨🅑︎🅐︎🅣︎🅣︎🅔︎🅡︎🅨︎: 5HR 
✨🅢︎🅣︎🅐︎🅣︎🅤︎🅢︎:  packed brand new 
Price sold out❌❌
📩@rasneva ለአጭር መልእክት
 ይደዉሉ ☎️
+251912759900
+251920153333

🏢 አድራሻ: - መገናኛ ማራቶን የ ገበያ ማእከል በ ዋናው መግቢያ መሬት ላይ
ወይንም ግራውንድ ፍሎር ብቅ ይበሉ
 👉ነቫ ኮምፒውተር👈 መሆኑን ያረጋግጡ

ድህረ ገጻችንን ይጎብኙ
www.nevacomputer.com

ቴሌግራም ቻናላችንን ይቀላቀሉ

https://t.me/nevacomputer",True,data/nevacomputer/media/8667.jpg,ለአጭር መልእክት ይደዉሉ አድራሻ መገናኛ ማራቶን የ ገበያ ማእከል በ ዋናው መግቢያ መሬት ላይ ወይንም ግራውንድ ፍሎር ብቅ ይበሉ ነቫ ኮምፒውተር መሆኑን ያረጋግጡ ድህረ ገጻችንን ይጎብኙ ቴሌግራም ቻናላችንን ይቀላቀሉ
@nevacomputer,8666,2024-09-08 17:17:26,-1001195361398,"""Explore the best and most diverse range of laptops available in Addis Ababa, Ethiopia. Whether you're looking for high-performance laptops for gaming, sleek and lightweight ultrabooks for on-the-go professionals, or affordable models for students, we've got it all. Our collection features the latest brands, including Dell, HP, Lenovo, Acer, and Apple, ensuring that you find the perfect laptop to meet your needs. Visit us today in Addis Ababa for unbeatable prices, exceptional quality, and expert customer service.""

HAPPY NEW YEAR 🌻🌻🌻🌻🌻",True,data/nevacomputer/media/8666.jpg,
@nevacomputer,8665,2024-08-31 04:37:01,-1001195361398,"""The Saturday Sale Will Make Your Weekend Even Better""


1. HP OMEN 16
CORE I9 13TH GEN
1TB SSD AND 16GB RAM 
INCH 16”
GRAPHICS NIVIDIA RTX 4060 8GB 
PRICE 162000 BIRR። sold out ❌❌❌

2. . HP OMEN 15
CORE I9 12TH GEN
512GB SSD AND 16GB RAM 
INCH 15.6”
GRAPHICS NIVIDIA RTX 3060 6GB 
PRICE:  SOLD OUT ❌❌

3. . HP VICTUS
RYZEN 7 6000 SERIOUS 
512GB SSD AND 16GB RAM 
INCH 15.6”
GRAPHICS NIVIDIA RTX 3050 6GB 
PRICE 105000BIRR  sold out ❌❌❌

4. . DELL G3
CORE I7 10th GEN
512GB SSD AND 16GB RAM 
INCH 15.6”
GRAPHICS NIVIDIA RTX 2060 GB 
PRICE 98000 BIRR sold out ❌❌❌❌

5. DELL G15
CORE I7 11th generation 
512GB SSD AND 16GB RAM 
INCH 15.6”
GRAPHICS NIVIDIA RTX 30606GB 
PRICE 120000BIRR


        Neva computer

ሁሉም ላፕቶፖች እኛ ጋር አሉ

አድራሻ : - መገናኛ ማራቶን የ ገበያ ማእከል በ ዋናው መግቢያ መሬት ላይ
ወይንም ግራውንድ ፍሎር  ATM machines ባለበት መግቢያ ብቅ ይበሉ ነቫ ኮምፒውተር( Neva computer) መሆኑን ያረጋግጡ!!

ይምጡ ይጎብኙን ይሸምቱ!

ነቫ ኮምፒውተር

ቀድመው ይደውሉ👇👇

+251912759900
+251920153333

NEVA COMPUTER

🖥 🖥   🖥 🖥 🖥 🖥 🖥 🖥 🖥
NEVA   C  O  M  P  U  T  E  R  ®

ቴሌግራም ቻናላችንን ይቀላቀሉ

https://t.me/nevacomputer

ድህረ ገጻችንን ይጎብኙ
www.nevacomputer.com",True,data/nevacomputer/media/8665.jpg,። ሁሉም ላፕቶፖች እኛ ጋር አሉ አድራሻ መገናኛ ማራቶን የ ገበያ ማእከል በ ዋናው መግቢያ መሬት ላይ ወይንም ግራውንድ ፍሎር ባለበት መግቢያ ብቅ ይበሉ ነቫ ኮምፒውተር መሆኑን ያረጋግጡ ይምጡ ይጎብኙን ይሸምቱ ነቫ ኮምፒውተር ቀድመው ይደውሉ ቴሌግራም ቻናላችንን ይቀላቀሉ ድህረ ገጻችንን ይጎብኙ
@nevacomputer,8664,2024-08-31 04:22:32,-1001195361398,"Super Saturday sale 
Don’t miss it

1. Hp Elitebook G3
Core i5 6th gen
Storage 512GB ssd 
Ram 8GB DDR4 
Inch 14 PRICE 26500 birr✅

2. HP ELITEBOOK G3
CORE I7 6TH GEN 2.81GHZ
STORAGE 512GB SSD
RAM 8GB
INCH 14
Price 31000 birr✅

4.HP NOTE BOOK 
RYZEN 5 7000 serious 
STORAGE 512GB SSD 
RAM 8GB
INCH 15.6”
PRICE 58000 birr✅

5.HP ELITEBOOK G5
CORE I5 8TH GEN touch screen 
STORAGE 512GB SSD
RAM 16GB DDR4 
INCH 14 
PRICE 37500  BIRR✅

6.HP ELITEBOOK G5
CORE I7 8TH GEN
STORAGE 512GB SSD
RAM 16GB DDR4
INCH 14
PRICE 41700 BIRR✅

7.HP ELITEBOOK G5
CORE I7 8TH GEN
STORAGE 512GB SSD
RAM 16GB DDR4
INCH 15.6
PRICE 46500 BIRR✅

8.Lenovo yoga x360 touch
CORE I5 8TH GEN
STORAGE 512GB SSD
RAM  16GB DDR4
INCH 14
PRICE 39500 BIRR✅

9.asus vivobook 
Core i7 11th generation 
STORAGE 512GB SSD
RAM 16GB DDR4
INCH 15.6”
PRICE 62000 birr

10.msi 
CORE I5 10th gen 
STORAGE 512GB SSD
RAM 16GB DDR4
INCH 14 ultra slim 
PRICE 52000 birr

11.hp elite book 
CORE I7 7TH GEN
STORAGE 512GB SSD
RAM 8GB DDR4
INCH 15.6”
PRICE 37000 BIRR✅

12.LENOVO YOGA 
CORE I5 7th GEN
STORAGE 512GB SSD
RAM 8GB DDR4
INCH 13.3” CONVERTIBLE TOUCH 🖊️SCREEN 
PRICE 31500 BIRR✅

13.LENOVO YOGA X1 CARBON 
CORE I5 8TH GEN
STORAGE 512GB SSD
RAM 16GB DDR4
INCH 14 CONVERTIBLE TOUCH SCREEN WITH 🖊️ 
PRICE 44500 BIRR✅

14.LENOVO YOGA 
CORE I5 6TH GEN
STORAGE 256 GB SSD
RAM 8GB DDR4
INCH 14 CONVERTIBLE TOUCH SCREEN WITH 🖊️
PRICE 28500 BIRR✅

15.CORE I7 8TH GEN
STORAGE 512GB SSD
RAM 16GB DDR4
INCH 14
PRICE 41700 BIRR✅

16.HP NOTEBOOK 
RYZEN 3 3000 SERIOUS
STORAGE 512GB SSD
RAM 8GB DDR4
INCH 15.6” 
PRICE 34500BIRR✅

17.HP PAVILION X360 touch 
Core i5 11th generation 
STORAGE 512GB SSD
RAM 16GB DDR4
INCH 14 
PRICE 64500 BIRR✅

18.HP PAVILION AERO 
RYZEN 5 5000 (11TH GEN)
STORAGE 512GB SSD
RAM 8GB DDR4
INCH 14
PRICE 57500 BIRR✅

19.DELL latitude 
CORE I5 12th gen 
STORAGE 512GB SSD
RAM 16GB DDR4 
INCH 14
PRICE 55000 birr

20. Dell latitude 
CORE I5 13th gen 
STORAGE 512
RAM 16GB DDR4
INCH 14
PRICE 69500 

🔤🔤🔤🅰️
🔤🔤🔤🔤🔤🔤🔤🔤",False,,
@nevacomputer,8663,2024-08-29 06:07:16,-1001195361398,,True,data/nevacomputer/media/8663.jpg,
@nevacomputer,8662,2024-08-29 06:07:16,-1001195361398,"#NEVACOMPUTER
#ለተማሪቅናሽ

🅑︎🅡︎🅐︎🅝︎🅓︎ : HP Elitebook G3
✨🅓︎🅘︎🅢︎🅟︎🅛︎🅐︎🅨︎: 15.6” FHD
✨🅒︎🅟︎🅤︎: CORE I7 7th generation 
✨🅡︎🅐︎🅜︎:8GB 𝗗𝗗𝗥4
✨🅢︎🅣︎🅞︎🅡︎🅐︎🅖︎: 512GB SSD
✨🅖︎raphics: INTEL UHD 
✨🅞︎🅢︎:window 11 pro 
✨🅑︎🅐︎🅣︎🅣︎🅔︎🅡︎🅨︎: 5HR
✨🅢︎🅣︎🅐︎🅣︎🅤︎🅢︎: OPEN BOX 
Price  37000 birr 
📩@rasneva ለአጭር መልእክት
 ይደዉሉ ☎️
+251912759900
+251920153333

🏢 አድራሻ: - መገናኛ ማራቶን የ ገበያ ማእከል በ ዋናው መግቢያ መሬት ላይ
ወይንም ግራውንድ ፍሎር ብቅ ይበሉ
 👉ነቫ ኮምፒውተር👈 መሆኑን ያረጋግጡ

ድህረ ገጻችንን ይጎብኙ
www.nevacomputer.com

ቴሌግራም ቻናላችንን ይቀላቀሉ

https://t.me/nevacomputer",True,data/nevacomputer/media/8662.jpg,ለአጭር መልእክት ይደዉሉ አድራሻ መገናኛ ማራቶን የ ገበያ ማእከል በ ዋናው መግቢያ መሬት ላይ ወይንም ግራውንድ ፍሎር ብቅ ይበሉ ነቫ ኮምፒውተር መሆኑን ያረጋግጡ ድህረ ገጻችንን ይጎብኙ ቴሌግራም ቻናላችንን ይቀላቀሉ
@nevacomputer,8661,2024-08-29 06:07:16,-1001195361398,,True,data/nevacomputer/media/8661.jpg,
@nevacomputer,8660,2024-08-29 06:01:32,-1001195361398,,True,data/nevacomputer/media/8660.jpg,
@nevacomputer,8659,2024-08-29 06:01:32,-1001195361398,,True,data/nevacomputer/media/8659.jpg,
@nevacomputer,8658,2024-08-29 06:01:32,-1001195361398,,True,data/nevacomputer/media/8658.jpg,
@nevacomputer,8657,2024-08-29 06:01:32,-1001195361398,,True,data/nevacomputer/media/8657.jpg,
@nevacomputer,8656,2024-08-29 06:01:32,-1001195361398,"#EUROPE STANDARD 
🅑︎🅡︎🅐︎🅝︎🅓︎ : DELL 
✨🅓︎🅘︎🅢︎🅟︎🅛︎🅐︎🅨︎: 14” FULL HD 
✨🅒︎🅟︎🅤︎: CORE I5 13th generation (10 core and 12 logical processor) 
✨🅡︎🅐︎🅜︎:16Gb 𝗗𝗗𝗥4
✨🅢︎🅣︎🅞︎🅡︎🅐︎🅖︎: 512 GB SSD 
✨🅖︎🅡︎🅐︎🅟︎🅗︎🅘︎🅒︎🅢︎: IRIS XE 
✨🅞︎🅢︎:window 10 pro
✨🅑︎🅐︎🅣︎🅣︎🅔︎🅡︎🅨︎: 10HR
✨🅢︎🅣︎🅐︎🅣︎🅤︎🅢︎:  packed brand new 
Price  72000 birr
📩@rasneva ለአጭር መልእክት
 ይደዉሉ ☎️
+251912759900
+251920153333

🏢 አድራሻ: - መገናኛ ማራቶን የ ገበያ ማእከል በ ዋናው መግቢያ መሬት ላይ
ወይንም ግራውንድ ፍሎር ብቅ ይበሉ
 👉ነቫ ኮምፒውተር👈 መሆኑን ያረጋግጡ

ድህረ ገጻችንን ይጎብኙ
www.nevacomputer.com

ቴሌግራም ቻናላችንን ይቀላቀሉ

https://t.me/nevacomputer",True,data/nevacomputer/media/8656.jpg,ለአጭር መልእክት ይደዉሉ አድራሻ መገናኛ ማራቶን የ ገበያ ማእከል በ ዋናው መግቢያ መሬት ላይ ወይንም ግራውንድ ፍሎር ብቅ ይበሉ ነቫ ኮምፒውተር መሆኑን ያረጋግጡ ድህረ ገጻችንን ይጎብኙ ቴሌግራም ቻናላችንን ይቀላቀሉ
@nevacomputer,8655,2024-08-29 06:00:21,-1001195361398,,True,data/nevacomputer/media/8655.jpg,
@nevacomputer,8654,2024-08-29 06:00:21,-1001195361398,"Very portable and can do multi-task

#HP ELITEBOOK 1040 G6
🅑︎🅡︎🅐︎🅝︎🅓︎ : HP ELITEBOOK 
✨🅓︎🅘︎🅢︎🅟︎🅛︎🅐︎🅨︎: 14” convertable touch screen full HD
✨🅒︎🅟︎🅤︎: CORE I7 8th generation 
✨🅡︎🅐︎🅜︎:16 GB 𝗗𝗗𝗥4
✨🅢︎🅣︎🅞︎🅡︎🅐︎🅖︎: 512 GB SSD 
✨🅖︎raphics: intel uhd graphics 
✨🅞︎🅢︎:window 11 pro 
✨🅑︎🅐︎🅣︎🅣︎🅔︎🅡︎🅨︎: 5HR
✨🅢︎🅣︎🅐︎🅣︎🅤︎🅢︎:  open box 
Price  52000 birr 
📩@rasneva ለአጭር መልእክት
 ይደዉሉ ☎️
+251912759900
+251920153333

🏢 አድራሻ: - መገናኛ ማራቶን የ ገበያ ማእከል በ ዋናው መግቢያ መሬት ላይ
ወይንም ግራውንድ ፍሎር ብቅ ይበሉ
 👉ነቫ ኮምፒውተር👈 መሆኑን ያረጋግጡ

ድህረ ገጻችንን ይጎብኙ
www.nevacomputer.com

ቴሌግራም ቻናላችንን ይቀላቀሉ

https://t.me/nevacomputer",True,data/nevacomputer/media/8654.jpg,ለአጭር መልእክት ይደዉሉ አድራሻ መገናኛ ማራቶን የ ገበያ ማእከል በ ዋናው መግቢያ መሬት ላይ ወይንም ግራውንድ ፍሎር ብቅ ይበሉ ነቫ ኮምፒውተር መሆኑን ያረጋግጡ ድህረ ገጻችንን ይጎብኙ ቴሌግራም ቻናላችንን ይቀላቀሉ
@nevacomputer,8653,2024-08-29 06:00:21,-1001195361398,,True,data/nevacomputer/media/8653.jpg,
@nevacomputer,8652,2024-08-29 06:00:21,-1001195361398,,True,data/nevacomputer/media/8652.jpg,
@nevacomputer,8651,2024-08-29 05:59:20,-1001195361398,,True,data/nevacomputer/media/8651.jpg,
@nevacomputer,8650,2024-08-29 05:59:20,-1001195361398,"from #Nevacomputer 
#business laptop 
Another one

🅑︎🅡︎🅐︎🅝︎🅓︎ : Hp dragonfly 
✨🅓︎🅘︎🅢︎🅟︎🅛︎🅐︎🅨︎: 13.3 ” ultra slim  crystal display 1080 resolution 
✨🅒︎🅟︎🅤︎: 𝗶𝗻𝘁𝗲𝗹®𝗰𝗼𝗿𝗲 𝗶7 11th generation  
✨🅡︎🅐︎🅜︎:16GB 𝗗𝗗𝗥4 
✨🅢︎🅣︎🅞︎🅡︎🅐︎🅖︎🅔︎: 512GB SSD
✨🅖︎🅡︎🅐︎🅟︎🅗︎🅘︎🅒︎🅢︎: intel hd 
✨🅞︎🅢︎:𝘄𝗶𝗻𝗱𝗼𝘄𝘀 10 pro 
✨🅑︎🅐︎🅣︎🅣︎🅔︎🅡︎🅨︎: 8HR🙈
✨🅢︎🅣︎🅐︎🅣︎🅤︎🅢︎: brand new
Price  82000 birr
📩@rasneva ለአጭር መልእክት
 ይደዉሉ ☎️
+251912759900
+251920153333

🏢 አድራሻ : - መገናኛ ማራቶን የ ገበያ ማእከል በ ዋናው መግቢያ መሬት ላይ
ወይንም ግራውንድ ፍሎር ብቅ ይበሉ
 👉ነቫ ኮምፒውተር👈 መሆኑን ያረጋግጡ

ድህረ ገጻችንን ይጎብኙ
www.nevacomputer.com

ቴሌግራም ቻናላችንን ይቀላቀሉ

https://t.me/nevacomputer

     ""🅝︎🅔︎🅥︎🅐︎   🅒︎🅞︎🅜︎🅟︎🅤︎🅣︎🅔︎🅡︎""",True,data/nevacomputer/media/8650.jpg,ለአጭር መልእክት ይደዉሉ አድራሻ መገናኛ ማራቶን የ ገበያ ማእከል በ ዋናው መግቢያ መሬት ላይ ወይንም ግራውንድ ፍሎር ብቅ ይበሉ ነቫ ኮምፒውተር መሆኑን ያረጋግጡ ድህረ ገጻችንን ይጎብኙ ቴሌግራም ቻናላችንን ይቀላቀሉ
@nevacomputer,8649,2024-08-29 05:59:20,-1001195361398,,True,data/nevacomputer/media/8649.jpg,
@nevacomputer,8648,2024-08-29 05:58:00,-1001195361398,,True,data/nevacomputer/media/8648.jpg,
@nevacomputer,8647,2024-08-29 05:58:00,-1001195361398,,True,data/nevacomputer/media/8647.jpg,
@nevacomputer,8646,2024-08-29 05:58:00,-1001195361398,,True,data/nevacomputer/media/8646.jpg,
@nevacomputer,8645,2024-08-29 05:58:00,-1001195361398,"🔤🔤🔤🅰️
🔤🔤🔤🔤🔤🔤🔤🔤

#13th generation  high end business laptop ✔️
#presidential offer   
#USA STANDARD 
🅑︎🅡︎🅐︎🅝︎🅓︎ : HP ENVY X360     
✨🅓︎🅘︎🅢︎🅟︎🅛︎🅐︎🅨︎: 13.3” 1080 full hd screen 
✨🅒︎🅟︎🅤︎: CORE I7 13th gen❤️  
✨🅡︎🅐︎🅜︎:16GB 𝗗𝗗𝗥4 
✨🅢︎🅣︎🅞︎🅡︎🅐︎🅖︎: 1TB SSD
✨🅖︎🅡︎🅐︎🅟︎🅗︎🅘︎🅒︎🅢︎: IRIS XE GRAPHICS CARD 
✨🅞︎🅢︎:𝘄𝗶𝗻𝗱𝗼𝘄𝘀 11 pro 22H2 
✨🅑︎🅐︎🅣︎🅣︎🅔︎🅡︎🅨︎: 8HR
✨🅢︎🅣︎🅐︎🅣︎🅤︎🅢︎: BRAND NEW  
Price 116000 birr
📩@rasneva ለአጭር መልእክት
 ይደዉሉ ☎️
+251912759900
+251920153333

🏢 አድራሻ: - መገናኛ ማራቶን የ ገበያ ማእከል በ ዋናው መግቢያ መሬት ላይ
ወይንም ግራውንድ ፍሎር ብቅ ይበሉ
 👉ነቫ ኮምፒውተር👈 መሆኑን ያረጋግጡ

ድህረ ገጻችንን ይጎብኙ
www.nevacomputer.com

ቴሌግራም ቻናላችንን ይቀላቀሉ

https://t.me/nevacomputer

     🔠🔠🔠🅰️ 🔠🔠🔠🔠🔠🔠🔠🔠",True,data/nevacomputer/media/8645.jpg,ለአጭር መልእክት ይደዉሉ አድራሻ መገናኛ ማራቶን የ ገበያ ማእከል በ ዋናው መግቢያ መሬት ላይ ወይንም ግራውንድ ፍሎር ብቅ ይበሉ ነቫ ኮምፒውተር መሆኑን ያረጋግጡ ድህረ ገጻችንን ይጎብኙ ቴሌግራም ቻናላችንን ይቀላቀሉ
@nevacomputer,8644,2024-08-29 05:56:37,-1001195361398,,True,data/nevacomputer/media/8644.jpg,
@nevacomputer,8643,2024-08-29 05:56:37,-1001195361398,,True,data/nevacomputer/media/8643.jpg,
@nevacomputer,8642,2024-08-29 05:56:37,-1001195361398,"#HP PAVILION
🅑︎🅡︎🅐︎🅝︎🅓︎ : HP PAVILION X360 
✨🅓︎🅘︎🅢︎🅟︎🅛︎🅐︎🅨︎: 14” FHD TOUCH SCREEN CONVERTIBLE 
✨🅒︎🅟︎🅤︎: CORE I5 11th GEN 💪🏽
✨🅡︎🅐︎🅜︎:16Gb 𝗗𝗗𝗥4
✨🅢︎🅣︎🅞︎🅡︎🅐︎🅖︎: 512GB SSD 
✨🅖︎🅡︎🅐︎🅟︎🅗︎🅘︎🅒︎🅢︎: INTEL IRIS XE GRAPHICS 
✨🅞︎🅢︎:window 10 pro
✨🅑︎🅐︎🅣︎🅣︎🅔︎🅡︎🅨︎: 6HR
✨🅢︎🅣︎🅐︎🅣︎🅤︎🅢︎:  brand new 
Price  63500 birr
📩@rasneva ለአጭር መልእክት
 ይደዉሉ ☎️
+251912759900
+251920153333

🏢 አድራሻ: - መገናኛ ማራቶን የ ገበያ ማእከል በ ዋናው መግቢያ መሬት ላይ
ወይንም ግራውንድ ፍሎር ብቅ ይበሉ
 👉ነቫ ኮምፒውተር👈 መሆኑን ያረጋግጡ

ድህረ ገጻችንን ይጎብኙ
www.nevacomputer.com

ቴሌግራም ቻናላችንን ይቀላቀሉ

https://t.me/nevacomputer",True,data/nevacomputer/media/8642.jpg,ለአጭር መልእክት ይደዉሉ አድራሻ መገናኛ ማራቶን የ ገበያ ማእከል በ ዋናው መግቢያ መሬት ላይ ወይንም ግራውንድ ፍሎር ብቅ ይበሉ ነቫ ኮምፒውተር መሆኑን ያረጋግጡ ድህረ ገጻችንን ይጎብኙ ቴሌግራም ቻናላችንን ይቀላቀሉ
@nevacomputer,8641,2024-08-29 05:56:37,-1001195361398,,True,data/nevacomputer/media/8641.jpg,
@nevacomputer,8640,2024-08-29 05:55:01,-1001195361398,,True,data/nevacomputer/media/8640.jpg,
@nevacomputer,8639,2024-08-29 05:55:01,-1001195361398,,True,data/nevacomputer/media/8639.jpg,
@nevacomputer,8638,2024-08-29 05:55:01,-1001195361398,,True,data/nevacomputer/media/8638.jpg,
@nevacomputer,8637,2024-08-29 05:55:01,-1001195361398,"NEW ARRIVAL GAMING LAPTOP

✨ DELL G15

✨ 15.6"" FHD Display
1920 x 1080 resolution showcases your games and HD movies with impressive color and clarity. Antireflective finish reduces eyestrain and widens the field of view.
✨ AMD Ryzen 7 5800H
Imagine, design and create without boundaries. 
The powerful AMD Ryzen tm 7 processor features machine intelligence that anticipates your needs. Discover true responsiveness with 8 cores and 16 threads for ultimate performance.
✨ 16GB system memory for advanced multitasking
✨ 512GB solid state drive (SSD)
👌NVIDIA GeForce RTX 3050 Ti graphics
Backed by 4GB GDDR6 dedicated video memory for a fast, advanced GPU to fuel your games.

Price  
🅘𝙣𝙗𝙤𝙭 📩 @rasneva
☎️ call:
✨0912759900
✨0920153333
🏢 አድራሻ : - መገናኛ ማራቶን የ ገበያ ማእከል በ ዋናው መግቢያ መሬት ላይ
ወይንም ግራውንድ ፍሎር ብቅ ይበሉ
 👉ነቫ ኮምፒውተር👈 መሆኑን ያረጋግጡ",True,data/nevacomputer/media/8637.jpg,አድራሻ መገናኛ ማራቶን የ ገበያ ማእከል በ ዋናው መግቢያ መሬት ላይ ወይንም ግራውንድ ፍሎር ብቅ ይበሉ ነቫ ኮምፒውተር መሆኑን ያረጋግጡ
@nevacomputer,8636,2024-08-29 05:53:41,-1001195361398,"DONT MISS IT 🔥

#GAMINGLAPTOP
🅑︎🅡︎🅐︎🅝︎🅓︎ : DELL G3
✨🅓︎🅘︎🅢︎🅟︎🅛︎🅐︎🅨︎: 15.6” FHD
✨🅒︎🅟︎🅤︎: CORE I7 10th generation 
✨🅡︎🅐︎🅜︎:16 GB 𝗗𝗗𝗥4
✨🅢︎🅣︎🅞︎🅡︎🅐︎🅖︎: 512 GB SSD 
✨🅖︎raphics: 6GB RTX 2060  
✨🅞︎🅢︎:window 11 pro 
✨🅑︎🅐︎🅣︎🅣︎🅔︎🅡︎🅨︎: 4hr
✨🅢︎🅣︎🅐︎🅣︎🅤︎🅢︎:  open box 
Price  👇
📩@rasneva ለአጭር መልእክት
 ይደዉሉ ☎️
+251912759900
+251920153333

🏢 አድራሻ: - መገናኛ ማራቶን የ ገበያ ማእከል በ ዋናው መግቢያ መሬት ላይ
ወይንም ግራውንድ ፍሎር ብቅ ይበሉ
 👉ነቫ ኮምፒውተር👈 መሆኑን ያረጋግጡ

ድህረ ገጻችንን ይጎብኙ
www.nevacomputer.com

ቴሌግራም ቻናላችንን ይቀላቀሉ

https://t.me/nevacomputer",True,data/nevacomputer/media/8636.jpg,ለአጭር መልእክት ይደዉሉ አድራሻ መገናኛ ማራቶን የ ገበያ ማእከል በ ዋናው መግቢያ መሬት ላይ ወይንም ግራውንድ ፍሎር ብቅ ይበሉ ነቫ ኮምፒውተር መሆኑን ያረጋግጡ ድህረ ገጻችንን ይጎብኙ ቴሌግራም ቻናላችንን ይቀላቀሉ
@nevacomputer,8635,2024-08-29 05:53:40,-1001195361398,,True,data/nevacomputer/media/8635.jpg,
@nevacomputer,8634,2024-08-29 05:53:40,-1001195361398,,True,data/nevacomputer/media/8634.jpg,
@nevacomputer,8633,2024-08-28 21:51:24,-1001195361398,,True,data/nevacomputer/media/8633.jpg,
@nevacomputer,8632,2024-08-28 21:51:24,-1001195361398,,True,data/nevacomputer/media/8632.jpg,
@nevacomputer,8631,2024-08-28 21:51:24,-1001195361398,"#EUROPE STANDARD 
🅑︎🅡︎🅐︎🅝︎🅓︎ : HP VICTUS 
✨🅓︎🅘︎🅢︎🅟︎🅛︎🅐︎🅨︎: 16” FHD
✨🅒︎🅟︎🅤︎: RYZEN 7 6000 SERIOUS 
✨🅡︎🅐︎🅜︎:16Gb 𝗗𝗗𝗥5
✨🅢︎🅣︎🅞︎🅡︎🅐︎🅖︎: 512 GB SSD 
✨🅖︎🅡︎🅐︎🅟︎🅗︎🅘︎🅒︎🅢︎:RTX 3050 4GB 
✨🅞︎🅢︎:window 11pro
✨🅑︎🅐︎🅣︎🅣︎🅔︎🅡︎🅨︎:6HR 
✨🅢︎🅣︎🅐︎🅣︎🅤︎🅢︎:  packed brand new 
Price  105000 birr 
📩@rasneva ለአጭር መልእክት
 ይደዉሉ ☎️
+251912759900
+251920153333

🏢 አድራሻ: - መገናኛ ማራቶን የ ገበያ ማእከል በ ዋናው መግቢያ መሬት ላይ
ወይንም ግራውንድ ፍሎር ብቅ ይበሉ
 👉ነቫ ኮምፒውተር👈 መሆኑን ያረጋግጡ

ድህረ ገጻችንን ይጎብኙ
www.nevacomputer.com

ቴሌግራም ቻናላችንን ይቀላቀሉ

https://t.me/nevacomputer",True,data/nevacomputer/media/8631.jpg,ለአጭር መልእክት ይደዉሉ አድራሻ መገናኛ ማራቶን የ ገበያ ማእከል በ ዋናው መግቢያ መሬት ላይ ወይንም ግራውንድ ፍሎር ብቅ ይበሉ ነቫ ኮምፒውተር መሆኑን ያረጋግጡ ድህረ ገጻችንን ይጎብኙ ቴሌግራም ቻናላችንን ይቀላቀሉ
@nevacomputer,8630,2024-08-28 21:48:27,-1001195361398,,True,data/nevacomputer/media/8630.jpg,
@nevacomputer,8629,2024-08-28 21:48:27,-1001195361398,,True,data/nevacomputer/media/8629.jpg,
@nevacomputer,8628,2024-08-28 21:48:27,-1001195361398,"#EUROPE STANDARD 
🅑︎🅡︎🅐︎🅝︎🅓︎ : ASUS VIVOBOOK 
✨🅓︎🅘︎🅢︎🅟︎🅛︎🅐︎🅨︎: 15.6” FHD 
✨🅒︎🅟︎🅤︎: CORE I7 11th generation
✨🅡︎🅐︎🅜︎:16Gb 𝗗𝗗𝗥5
✨🅢︎🅣︎🅞︎🅡︎🅐︎🅖︎: 512 GB SSD 
✨🅖︎🅡︎🅐︎🅟︎🅗︎🅘︎🅒︎🅢︎: IRIS XE 
✨🅞︎🅢︎:window 11pro
✨🅑︎🅐︎🅣︎🅣︎🅔︎🅡︎🅨︎: 8HR  
✨🅢︎🅣︎🅐︎🅣︎🅤︎🅢︎:  packed brand new 
Price  63000 birr
📩@rasneva ለአጭር መልእክት
 ይደዉሉ ☎️
+251912759900
+251920153333

🏢 አድራሻ: - መገናኛ ማራቶን የ ገበያ ማእከል በ ዋናው መግቢያ መሬት ላይ
ወይንም ግራውንድ ፍሎር ብቅ ይበሉ
 👉ነቫ ኮምፒውተር👈 መሆኑን ያረጋግጡ

ድህረ ገጻችንን ይጎብኙ
www.nevacomputer.com

ቴሌግራም ቻናላችንን ይቀላቀሉ

https://t.me/nevacomputer",True,data/nevacomputer/media/8628.jpg,ለአጭር መልእክት ይደዉሉ አድራሻ መገናኛ ማራቶን የ ገበያ ማእከል በ ዋናው መግቢያ መሬት ላይ ወይንም ግራውንድ ፍሎር ብቅ ይበሉ ነቫ ኮምፒውተር መሆኑን ያረጋግጡ ድህረ ገጻችንን ይጎብኙ ቴሌግራም ቻናላችንን ይቀላቀሉ
@nevacomputer,8627,2024-08-23 06:28:16,-1001195361398,DISCOUNT WITH NEVA AS ALWAYS. COME AND TAKE YOURS ❤️,True,data/nevacomputer/media/8627.jpg,
@nevacomputer,8626,2024-08-23 06:25:45,-1001195361398,"#EUROPE STANDARD 
🅑︎🅡︎🅐︎🅝︎🅓︎ : HP ENVY X360  
✨🅓︎🅘︎🅢︎🅟︎🅛︎🅐︎🅨︎: 15.6” x360 touch 4K Screen 
✨🅒︎🅟︎🅤︎: CORE I7 13th generation
✨🅡︎🅐︎🅜︎:16Gb 𝗗𝗗𝗥5
✨🅢︎🅣︎🅞︎🅡︎🅐︎🅖︎: 1TB SSD 
✨🅖︎🅡︎🅐︎🅟︎🅗︎🅘︎🅒︎🅢︎: IRIS XE 
✨🅞︎🅢︎:window 11pro
✨🅑︎🅐︎🅣︎🅣︎🅔︎🅡︎🅨︎: 15HR video play back 
✨🅢︎🅣︎🅐︎🅣︎🅤︎🅢︎:  packed brand new 
Price  120k
📩@rasneva ለአጭር መልእክት
 ይደዉሉ ☎️
+251912759900
+251920153333

🏢 አድራሻ: - መገናኛ ማራቶን የ ገበያ ማእከል በ ዋናው መግቢያ መሬት ላይ
ወይንም ግራውንድ ፍሎር ብቅ ይበሉ
 👉ነቫ ኮምፒውተር👈 መሆኑን ያረጋግጡ

ድህረ ገጻችንን ይጎብኙ
www.nevacomputer.com

ቴሌግራም ቻናላችንን ይቀላቀሉ

https://t.me/nevacomputer",True,data/nevacomputer/media/8626.jpg,ለአጭር መልእክት ይደዉሉ አድራሻ መገናኛ ማራቶን የ ገበያ ማእከል በ ዋናው መግቢያ መሬት ላይ ወይንም ግራውንድ ፍሎር ብቅ ይበሉ ነቫ ኮምፒውተር መሆኑን ያረጋግጡ ድህረ ገጻችንን ይጎብኙ ቴሌግራም ቻናላችንን ይቀላቀሉ
@nevacomputer,8625,2024-08-23 06:25:45,-1001195361398,,True,data/nevacomputer/media/8625.jpg,
@nevacomputer,8624,2024-08-23 06:25:45,-1001195361398,,True,data/nevacomputer/media/8624.jpg,
@nevacomputer,8623,2024-08-23 06:24:03,-1001195361398,,True,data/nevacomputer/media/8623.jpg,
@nevacomputer,8622,2024-08-23 06:24:03,-1001195361398,,True,data/nevacomputer/media/8622.jpg,
@nevacomputer,8621,2024-08-23 06:24:03,-1001195361398,,True,data/nevacomputer/media/8621.jpg,
@nevacomputer,8620,2024-08-23 06:24:03,-1001195361398,,True,data/nevacomputer/media/8620.jpg,
@nevacomputer,8619,2024-08-23 06:24:02,-1001195361398,"#EUROPE STANDARD 
🅑︎🅡︎🅐︎🅝︎🅓︎ : HP SPECTER
✨🅓︎🅘︎🅢︎🅟︎🅛︎🅐︎🅨︎: 15.6” x360 touch 4K Screen 
✨🅒︎🅟︎🅤︎: CORE I7 13th generation
✨🅡︎🅐︎🅜︎:16Gb 𝗗𝗗𝗥5
✨🅢︎🅣︎🅞︎🅡︎🅐︎🅖︎: 512 GB SSD 
✨🅖︎🅡︎🅐︎🅟︎🅗︎🅘︎🅒︎🅢︎: IRIS XE 
✨🅞︎🅢︎:window 11pro
✨🅑︎🅐︎🅣︎🅣︎🅔︎🅡︎🅨︎: 15HR video play back 
✨🅢︎🅣︎🅐︎🅣︎🅤︎🅢︎:  packed brand new 
Price  135k
📩@rasneva ለአጭር መልእክት
 ይደዉሉ ☎️
+251912759900
+251920153333

🏢 አድራሻ: - መገናኛ ማራቶን የ ገበያ ማእከል በ ዋናው መግቢያ መሬት ላይ
ወይንም ግራውንድ ፍሎር ብቅ ይበሉ
 👉ነቫ ኮምፒውተር👈 መሆኑን ያረጋግጡ

ድህረ ገጻችንን ይጎብኙ
www.nevacomputer.com

ቴሌግራም ቻናላችንን ይቀላቀሉ

https://t.me/nevacomputer",True,data/nevacomputer/media/8619.jpg,ለአጭር መልእክት ይደዉሉ አድራሻ መገናኛ ማራቶን የ ገበያ ማእከል በ ዋናው መግቢያ መሬት ላይ ወይንም ግራውንድ ፍሎር ብቅ ይበሉ ነቫ ኮምፒውተር መሆኑን ያረጋግጡ ድህረ ገጻችንን ይጎብኙ ቴሌግራም ቻናላችንን ይቀላቀሉ
@nevacomputer,8618,2024-08-22 15:21:55,-1001195361398,,True,data/nevacomputer/media/8618.jpg,
@nevacomputer,8617,2024-08-22 15:21:55,-1001195361398,,True,data/nevacomputer/media/8617.jpg,
@nevacomputer,8616,2024-08-22 15:21:55,-1001195361398,"#EUROPE STANDARD 
🅑︎🅡︎🅐︎🅝︎🅓︎ : DELL 
✨🅓︎🅘︎🅢︎🅟︎🅛︎🅐︎🅨︎: 14” FULL HD 
✨🅒︎🅟︎🅤︎: CORE I5 12th generation (10 core and 12 logical processor) 
✨🅡︎🅐︎🅜︎:16Gb 𝗗𝗗𝗥4
✨🅢︎🅣︎🅞︎🅡︎🅐︎🅖︎: 256 GB SSD 
✨🅖︎🅡︎🅐︎🅟︎🅗︎🅘︎🅒︎🅢︎: IRIS XE 
✨🅞︎🅢︎:window 10 pro
✨🅑︎🅐︎🅣︎🅣︎🅔︎🅡︎🅨︎: 10HR video play back 
✨🅢︎🅣︎🅐︎🅣︎🅤︎🅢︎:  packed brand new 
Price  👇
📩@rasneva ለአጭር መልእክት
 ይደዉሉ ☎️
+251912759900
+251920153333

🏢 አድራሻ: - መገናኛ ማራቶን የ ገበያ ማእከል በ ዋናው መግቢያ መሬት ላይ
ወይንም ግራውንድ ፍሎር ብቅ ይበሉ
 👉ነቫ ኮምፒውተር👈 መሆኑን ያረጋግጡ

ድህረ ገጻችንን ይጎብኙ
www.nevacomputer.com

ቴሌግራም ቻናላችንን ይቀላቀሉ

https://t.me/nevacomputer",True,data/nevacomputer/media/8616.jpg,ለአጭር መልእክት ይደዉሉ አድራሻ መገናኛ ማራቶን የ ገበያ ማእከል በ ዋናው መግቢያ መሬት ላይ ወይንም ግራውንድ ፍሎር ብቅ ይበሉ ነቫ ኮምፒውተር መሆኑን ያረጋግጡ ድህረ ገጻችንን ይጎብኙ ቴሌግራም ቻናላችንን ይቀላቀሉ
@nevacomputer,8615,2024-08-22 15:21:55,-1001195361398,,True,data/nevacomputer/media/8615.jpg,
@nevacomputer,8614,2024-08-22 14:52:41,-1001195361398,"#GAMING LAPTOP✔️
#student offer 
🗯️
🅑︎🅡︎🅐︎🅝︎🅓︎ : HP OMEN 016 
✨🅓︎🅘︎🅢︎🅟︎🅛︎🅐︎🅨︎: 16” QHD 165HZ 
 ✨🅒︎🅟︎🅤︎: CORE I9-13900HX( 24 core & 32 logical processor 
✨🅡︎🅐︎🅜︎:16GB 𝗗𝗗𝗥5
✨🅢︎🅣︎🅞︎🅡︎🅐︎🅖︎: 1TB SSD 
✨🅖︎🅡︎🅐︎🅟︎🅗︎🅘︎🅒︎🅢︎: 8GB RTX 4060 
✨🅞︎🅢︎:𝘄𝗶𝗻𝗱𝗼𝘄𝘀 11 pro  
✨🅑︎🅐︎🅣︎🅣︎🅔︎🅡︎🅨︎: 4HR 
✨🅢︎🅣︎🅐︎🅣︎🅤︎🅢︎: BRAND NEW  
📩@rasneva ለአጭር መልእክት
 ይደዉሉ ☎️
+251912759900
+251920153333

🏢 አድራሻ: - መገናኛ ማራቶን የ ገበያ ማእከል በ ዋናው መግቢያ መሬት ላይ
ወይንም ግራውንድ ፍሎር ብቅ ይበሉ
 👉ነቫ ኮምፒውተር👈 መሆኑን ያረጋግጡ

ድህረ ገጻችንን ይጎብኙ
www.nevacomputer.com

ቴሌግራም ቻናላችንን ይቀላቀሉ

https://t.me/nevacomputer",True,data/nevacomputer/media/8614.jpg,ለአጭር መልእክት ይደዉሉ አድራሻ መገናኛ ማራቶን የ ገበያ ማእከል በ ዋናው መግቢያ መሬት ላይ ወይንም ግራውንድ ፍሎር ብቅ ይበሉ ነቫ ኮምፒውተር መሆኑን ያረጋግጡ ድህረ ገጻችንን ይጎብኙ ቴሌግራም ቻናላችንን ይቀላቀሉ
@nevacomputer,8613,2024-08-22 14:52:41,-1001195361398,,True,data/nevacomputer/media/8613.jpg,
@nevacomputer,8612,2024-08-22 14:51:42,-1001195361398,"#EUROPE STANDARD 
🅑︎🅡︎🅐︎🅝︎🅓︎ : MICROSOFT LAPTOP FIVE(5)
✨🅓︎🅘︎🅢︎🅟︎🅛︎🅐︎🅨︎: 14” 4K  TOUCH DISPALY
✨🅒︎🅟︎🅤︎: CORE I5 12TH GEN(10CORE &12CPU)
✨🅡︎🅐︎🅜︎:8Gb 𝗗𝗗𝗥4
✨🅢︎🅣︎🅞︎🅡︎🅐︎🅖︎: 512 SSD 
✨🅖︎🅡︎🅐︎🅟︎🅗︎🅘︎🅒︎🅢︎: IRIS XE WITH WIFE 6 super FAST INTERNET SPPED 
✨🅑︎🅐︎🅣︎🅣︎🅔︎🅡︎🅨︎: 15HR REAL TIME VIDEO PLAY BACK 
✨🅢︎🅣︎🅐︎🅣︎🅤︎🅢︎:  BRAND NEW 
Price 82000 birr 
📩@rasneva ለአጭር መልእክት
 ይደዉሉ ☎️
+251912759900
+251920153333

🏢 አድራሻ: - መገናኛ ማራቶን የ ገበያ ማእከል በ ዋናው መግቢያ መሬት ላይ
ወይንም ግራውንድ ፍሎር ብቅ ይበሉ
 👉ነቫ ኮምፒውተር👈 መሆኑን ያረጋግጡ

ድህረ ገጻችንን ይጎብኙ
www.nevacomputer.com

ቴሌግራም ቻናላችንን ይቀላቀሉ

https://t.me/nevacomputer",True,data/nevacomputer/media/8612.jpg,ለአጭር መልእክት ይደዉሉ አድራሻ መገናኛ ማራቶን የ ገበያ ማእከል በ ዋናው መግቢያ መሬት ላይ ወይንም ግራውንድ ፍሎር ብቅ ይበሉ ነቫ ኮምፒውተር መሆኑን ያረጋግጡ ድህረ ገጻችንን ይጎብኙ ቴሌግራም ቻናላችንን ይቀላቀሉ
@nevacomputer,8611,2024-08-22 14:51:42,-1001195361398,,True,data/nevacomputer/media/8611.jpg,
@nevacomputer,8609,2024-08-22 14:38:10,-1001195361398,,True,data/nevacomputer/media/8609.jpg,
@nevacomputer,8608,2024-08-22 14:38:10,-1001195361398,,True,data/nevacomputer/media/8608.jpg,
@nevacomputer,8607,2024-08-22 14:38:10,-1001195361398,"#EUROPE STANDARD 
🅑︎🅡︎🅐︎🅝︎🅓︎ : MAC BOOK AIR 
✨🅓︎🅘︎🅢︎🅟︎🅛︎🅐︎🅨︎: 13.3” RETINA DISPALY
✨🅒︎🅟︎🅤︎: CORE I5 2017 model 
✨🅡︎🅐︎🅜︎:8Gb 𝗗𝗗𝗥4
✨🅢︎🅣︎🅞︎🅡︎🅐︎🅖︎: 128GB SSD 
✨🅖︎🅡︎🅐︎🅟︎🅗︎🅘︎🅒︎🅢︎: IRIS XE 
✨🅑︎🅐︎🅣︎🅣︎🅔︎🅡︎🅨︎: 10HR (350) CYCLE COUNT 
✨🅢︎🅣︎🅐︎🅣︎🅤︎🅢︎:  LIKE NEW 
Price  48500 BIRR 
📩@rasneva ለአጭር መልእክት
 ይደዉሉ ☎️
+251912759900
+251920153333

🏢 አድራሻ: - መገናኛ ማራቶን የ ገበያ ማእከል በ ዋናው መግቢያ መሬት ላይ
ወይንም ግራውንድ ፍሎር ብቅ ይበሉ
 👉ነቫ ኮምፒውተር👈 መሆኑን ያረጋግጡ

ድህረ ገጻችንን ይጎብኙ
www.nevacomputer.com

ቴሌግራም ቻናላችንን ይቀላቀሉ

https://t.me/nevacomputer",True,data/nevacomputer/media/8607.jpg,ለአጭር መልእክት ይደዉሉ አድራሻ መገናኛ ማራቶን የ ገበያ ማእከል በ ዋናው መግቢያ መሬት ላይ ወይንም ግራውንድ ፍሎር ብቅ ይበሉ ነቫ ኮምፒውተር መሆኑን ያረጋግጡ ድህረ ገጻችንን ይጎብኙ ቴሌግራም ቻናላችንን ይቀላቀሉ
@nevacomputer,8598,2024-07-20 10:09:19,-1001195361398,,True,data/nevacomputer/media/8598.jpg,
@nevacomputer,8597,2024-07-20 10:09:19,-1001195361398,"#EUROPE STANDARD 
🅑︎🅡︎🅐︎🅝︎🅓︎ : DELL 
✨🅓︎🅘︎🅢︎🅟︎🅛︎🅐︎🅨︎: 14” FULL HD 
✨🅒︎🅟︎🅤︎: CORE I5 12th generation (10 core and 12 logical processor) 
✨🅡︎🅐︎🅜︎:16Gb 𝗗𝗗𝗥4
✨🅢︎🅣︎🅞︎🅡︎🅐︎🅖︎: 256 GB SSD 
✨🅖︎🅡︎🅐︎🅟︎🅗︎🅘︎🅒︎🅢︎: IRIS XE 
✨🅞︎🅢︎:window 10 pro
✨🅑︎🅐︎🅣︎🅣︎🅔︎🅡︎🅨︎: 10HR
✨🅢︎🅣︎🅐︎🅣︎🅤︎🅢︎:  packed brand new 
Price  👇
📩@rasneva ለአጭር መልእክት
 ይደዉሉ ☎️
+251912759900
+251920153333

🏢 አድራሻ: - መገናኛ ማራቶን የ ገበያ ማእከል በ ዋናው መግቢያ መሬት ላይ
ወይንም ግራውንድ ፍሎር ብቅ ይበሉ
 👉ነቫ ኮምፒውተር👈 መሆኑን ያረጋግጡ

ድህረ ገጻችንን ይጎብኙ
www.nevacomputer.com

ቴሌግራም ቻናላችንን ይቀላቀሉ

https://t.me/nevacomputer",True,data/nevacomputer/media/8597.jpg,ለአጭር መልእክት ይደዉሉ አድራሻ መገናኛ ማራቶን የ ገበያ ማእከል በ ዋናው መግቢያ መሬት ላይ ወይንም ግራውንድ ፍሎር ብቅ ይበሉ ነቫ ኮምፒውተር መሆኑን ያረጋግጡ ድህረ ገጻችንን ይጎብኙ ቴሌግራም ቻናላችንን ይቀላቀሉ
@nevacomputer,8596,2024-07-20 10:09:19,-1001195361398,,True,data/nevacomputer/media/8596.jpg,
@nevacomputer,8595,2024-07-20 10:09:18,-1001195361398,,True,data/nevacomputer/media/8595.jpg,
@nevacomputer,8594,2024-07-20 09:18:50,-1001195361398,Saturday discount 270k,False,,
@nevacomputer,8593,2024-07-03 18:20:38,-1001195361398,,True,data/nevacomputer/media/8593.jpg,
@nevacomputer,8592,2024-07-03 18:20:38,-1001195361398,,True,data/nevacomputer/media/8592.jpg,
@nevacomputer,8591,2024-07-03 18:20:38,-1001195361398,,True,data/nevacomputer/media/8591.jpg,
@nevacomputer,8590,2024-07-03 18:20:38,-1001195361398,"FROM NEVA COMPUTER
#GAMING LAPTOP
FROM #USA👇🏾
PACKED

#Gigabyte 17.3"" Aorus 17H Gaming Notebook

 • Dedicated NVIDIA GeForce 12GB GDDR6 RTX 4080 
 • 13th Gen Intel Core i7 Processor
 • 16GB of DDR5 RAM | 1TB M.2 PCIe SSD
 • 17.3"" 1920 x 1080 IPS 360 Hz Refresh Rate Display
 • RGB keyboard all keys have independent light control

Price  290,000 birr
📩@rasneva ለአጭር መልእክት
 ይደዉሉ ☎️
+251912759900
+251920153333

🏢 አድራሻ : - መገናኛ ማራቶን የ ገበያ ማእከል በ ዋናው መግቢያ መሬት ላይ
ወይንም ግራውንድ ፍሎር ብቅ ይበሉ
 👉ነቫ ኮምፒውተር👈 መሆኑን ያረጋግጡ

ድህረ ገጻችንን ይጎብኙ
www.nevacomputer.com

ቴሌግራም ቻናላችንን ይቀላቀሉ

https://t.me/nevacomputer

🅝🅔🅥🅐   🅒🅞🅜🅟🅤🅣🅔🅡",True,data/nevacomputer/media/8590.jpg,ለአጭር መልእክት ይደዉሉ አድራሻ መገናኛ ማራቶን የ ገበያ ማእከል በ ዋናው መግቢያ መሬት ላይ ወይንም ግራውንድ ፍሎር ብቅ ይበሉ ነቫ ኮምፒውተር መሆኑን ያረጋግጡ ድህረ ገጻችንን ይጎብኙ ቴሌግራም ቻናላችንን ይቀላቀሉ
@nevacomputer,8589,2024-06-13 07:28:23,-1001195361398,,True,data/nevacomputer/media/8589.jpg,
@nevacomputer,8588,2024-06-13 07:28:23,-1001195361398,,True,data/nevacomputer/media/8588.jpg,
@nevacomputer,8587,2024-06-13 07:28:23,-1001195361398,,True,data/nevacomputer/media/8587.jpg,
@nevacomputer,8586,2024-06-13 07:28:22,-1001195361398,,True,data/nevacomputer/media/8586.jpg,
@nevacomputer,8585,2024-06-13 07:28:22,-1001195361398,,True,data/nevacomputer/media/8585.jpg,
@nevacomputer,8584,2024-06-13 07:28:22,-1001195361398,,True,data/nevacomputer/media/8584.jpg,
@nevacomputer,8583,2024-06-13 07:28:22,-1001195361398,,True,data/nevacomputer/media/8583.jpg,
@nevacomputer,8582,2024-06-13 07:28:22,-1001195361398,"FROM NEVA COMPUTER
#GAMINGLAPTOP
FROM #USA👇🏾
PACKED

#MSI Cyborg 15 A12VF 045 (GeForce RTX™ 4060, GDDR6 8GB)

• Windows 11 Home (MSI recommends Windows 11 Pro for business.)
 • NVIDIA® GeForce RTX™ 4060 Laptop GPU 8GB GDDR6
 • 15.6″ FHD (1920*1080), 144Hz 45%NTSC IPS-Level
 • Intel® Core™ i7-12650H
 • 512GB NVMe PCIe SSD Gen4x4
 • DDR5 8GB*2 (4800MHz)
 • Blue Backlit Gaming Keyboard
 • 3 cell, 53.5Whr


📩@rasneva ለአጭር መልእክት
 ይደዉሉ ☎️
+251912759900
+251920153333

🏢 አድራሻ : - መገናኛ ማራቶን የ ገበያ ማእከል በ ዋናው መግቢያ መሬት ላይ
ወይንም ግራውንድ ፍሎር ብቅ ይበሉ
 👉ነቫ ኮምፒውተር👈 መሆኑን ያረጋግጡ

ድህረ ገጻችንን ይጎብኙ
www.nevacomputer.com

ቴሌግራም ቻናላችንን ይቀላቀሉ

https://t.me/nevacomputer

     ""🅝︎🅔︎🅥︎🅐︎   🅒︎🅞︎🅜︎🅟︎🅤︎🅣︎🅔︎🅡︎",True,data/nevacomputer/media/8582.jpg,ለአጭር መልእክት ይደዉሉ አድራሻ መገናኛ ማራቶን የ ገበያ ማእከል በ ዋናው መግቢያ መሬት ላይ ወይንም ግራውንድ ፍሎር ብቅ ይበሉ ነቫ ኮምፒውተር መሆኑን ያረጋግጡ ድህረ ገጻችንን ይጎብኙ ቴሌግራም ቻናላችንን ይቀላቀሉ
@nevacomputer,8580,2024-05-25 06:05:30,-1001195361398,,True,data/nevacomputer/media/8580.jpg,
@nevacomputer,8579,2024-05-25 06:05:30,-1001195361398,,True,data/nevacomputer/media/8579.jpg,
@nevacomputer,8578,2024-05-25 06:05:30,-1001195361398,,True,data/nevacomputer/media/8578.jpg,
@nevacomputer,8577,2024-05-25 06:05:30,-1001195361398,"🔤🔤🔤🅰️
🔤🔤🔤🔤🔤🔤🔤🔤

በድግሜ ገብተዋል 
#student offer 
#USA STANDARD 
🅑︎🅡︎🅐︎🅝︎🅓︎ : HP ELITEBOOK 1040 X360     
✨🅓︎🅘︎🅢︎🅟︎🅛︎🅐︎🅨︎: 14” 1080 full hd screen 
✨🅒︎🅟︎🅤︎: CORE I7 8th gen❤️  
✨🅡︎🅐︎🅜︎:16GB 𝗗𝗗𝗥4 
✨🅢︎🅣︎🅞︎🅡︎🅐︎🅖︎: 512GB SSD
✨🅖︎🅡︎🅐︎🅟︎🅗︎🅘︎🅒︎🅢︎: UHD 
✨🅞︎🅢︎:𝘄𝗶𝗻𝗱𝗼𝘄𝘀 11 pro 22H2 
✨🅑︎🅐︎🅣︎🅣︎🅔︎🅡︎🅨︎: 8HR
✨🅢︎🅣︎🅐︎🅣︎🅤︎🅢︎: OPEN BOX
Price  54000 birr
📩@rasneva ለአጭር መልእክት
 ይደዉሉ ☎️
+251912759900
+251920153333

🏢 አድራሻ: - መገናኛ ማራቶን የ ገበያ ማእከል በ ዋናው መግቢያ መሬት ላይ
ወይንም ግራውንድ ፍሎር ብቅ ይበሉ
 👉ነቫ ኮምፒውተር👈 መሆኑን ያረጋግጡ

ድህረ ገጻችንን ይጎብኙ
www.nevacomputer.com

ቴሌግራም ቻናላችንን ይቀላቀሉ

https://t.me/nevacomputer

     🔠🔠🔠🅰️ 🔠🔠🔠🔠🔠🔠🔠🔠",True,data/nevacomputer/media/8577.jpg,በድግሜ ገብተዋል ለአጭር መልእክት ይደዉሉ አድራሻ መገናኛ ማራቶን የ ገበያ ማእከል በ ዋናው መግቢያ መሬት ላይ ወይንም ግራውንድ ፍሎር ብቅ ይበሉ ነቫ ኮምፒውተር መሆኑን ያረጋግጡ ድህረ ገጻችንን ይጎብኙ ቴሌግራም ቻናላችንን ይቀላቀሉ
@nevacomputer,8576,2024-05-25 06:05:00,-1001195361398,,True,data/nevacomputer/media/8576.jpg,
@nevacomputer,8575,2024-05-25 06:05:00,-1001195361398,,True,data/nevacomputer/media/8575.jpg,
@nevacomputer,8574,2024-05-25 06:05:00,-1001195361398,,True,data/nevacomputer/media/8574.jpg,
@nevacomputer,8573,2024-05-25 06:05:00,-1001195361398,"NEW ARRIVAL GAMING LAPTOP

✨ DELL G15

✨ 15.6"" FHD Display
1920 x 1080 resolution showcases your games and HD movies with impressive color and clarity. Antireflective finish reduces eyestrain and widens the field of view.
✨ AMD Ryzen 7 5800H
Imagine, design and create without boundaries. 
The powerful AMD Ryzen tm 7 processor features machine intelligence that anticipates your needs. Discover true responsiveness with 8 cores and 16 threads for ultimate performance.
✨ 12GB system memory for advanced multitasking
✨ 512GB solid state drive (SSD)
👌NVIDIA GeForce RTX 3050 Ti graphics
Backed by 4GB GDDR6 dedicated video memory for a fast, advanced GPU to fuel your games.

ለአጭር መልክት በዚ ያናግሩን
🅘𝙣𝙗𝙤𝙭 📩 @rasneva
☎️ call:
✨0912759900
✨0920153333
🏢 አድራሻ : - መገናኛ ማራቶን የ ገበያ ማእከል በ ዋናው መግቢያ መሬት ላይ
ወይንም ግራውንድ ፍሎር ብቅ ይበሉ
 👉ነቫ ኮምፒውተር👈 መሆኑን ያረጋግጡ",True,data/nevacomputer/media/8573.jpg,ለአጭር መልክት በዚ ያናግሩን አድራሻ መገናኛ ማራቶን የ ገበያ ማእከል በ ዋናው መግቢያ መሬት ላይ ወይንም ግራውንድ ፍሎር ብቅ ይበሉ ነቫ ኮምፒውተር መሆኑን ያረጋግጡ
@nevacomputer,8572,2024-05-25 06:04:26,-1001195361398,Available again,False,,
@nevacomputer,8571,2024-05-23 18:46:43,-1001195361398,,True,data/nevacomputer/media/8571.jpg,
@nevacomputer,8570,2024-05-23 18:46:42,-1001195361398,,True,data/nevacomputer/media/8570.jpg,
@nevacomputer,8569,2024-05-23 18:46:42,-1001195361398,,True,data/nevacomputer/media/8569.jpg,
@nevacomputer,8568,2024-05-23 18:46:42,-1001195361398,"DONT MISS IT 🔥

#GRADE 12 students this is for you 
🅑︎🅡︎🅐︎🅝︎🅓︎ : hp x360 touch screen
✨🅓︎🅘︎🅢︎🅟︎🅛︎🅐︎🅨︎: 13.3” 
✨🅒︎🅟︎🅤︎: intel inside QUAD CORE 
✨🅡︎🅐︎🅜︎:4GB 
✨🅢︎🅣︎🅞︎🅡︎🅐︎🅖︎: 128GB SSD 
✨🅖︎raphics: INTEL HD 
✨🅞︎🅢︎:window 11 pro 
✨🅑︎🅐︎🅣︎🅣︎🅔︎🅡︎🅨︎: 4hr
✨🅢︎🅣︎🅐︎🅣︎🅤︎🅢︎:  DUBAI USED 
Price  17000 birr only 
📩@rasneva ለአጭር መልእክት
 ይደዉሉ ☎️
+251912759900
+251920153333

🏢 አድራሻ: - መገናኛ ማራቶን የ ገበያ ማእከል በ ዋናው መግቢያ መሬት ላይ
ወይንም ግራውንድ ፍሎር ብቅ ይበሉ
 👉ነቫ ኮምፒውተር👈 መሆኑን ያረጋግጡ

ድህረ ገጻችንን ይጎብኙ
www.nevacomputer.com

ቴሌግራም ቻናላችንን ይቀላቀሉ

https://t.me/nevacomputer",True,data/nevacomputer/media/8568.jpg,ለአጭር መልእክት ይደዉሉ አድራሻ መገናኛ ማራቶን የ ገበያ ማእከል በ ዋናው መግቢያ መሬት ላይ ወይንም ግራውንድ ፍሎር ብቅ ይበሉ ነቫ ኮምፒውተር መሆኑን ያረጋግጡ ድህረ ገጻችንን ይጎብኙ ቴሌግራም ቻናላችንን ይቀላቀሉ
@nevacomputer,8567,2024-05-21 06:23:08,-1001195361398,"DONT MISS IT 🔥

#ቅምሻ

🅑︎🅡︎🅐︎🅝︎🅓︎ : ASUS ROG STRIX ⭐️
✨🅓︎🅘︎🅢︎🅟︎🅛︎🅐︎🅨︎: 15.6” 2K SCREEN 165HZ
✨🅒︎🅟︎🅤︎: RYZEN 7 6000 serious 
✨🅡︎🅐︎🅜︎:16GB DDR5 RAM 
✨🅢︎🅣︎🅞︎🅡︎🅐︎🅖︎: 1TB SSD 
✨🅖︎raphics: 6GB RTX 3060 
✨🅞︎🅢︎:window 11 pro 
✨🅑︎🅐︎🅣︎🅣︎🅔︎🅡︎🅨︎: 5hr
✨🅢︎🅣︎🅐︎🅣︎🅤︎🅢︎:  BRAND NEW
Price  sold out 
📩@rasneva ለአጭር መልእክት
 ይደዉሉ ☎️
+251912759900
+251920153333

🏢 አድራሻ: - መገናኛ ማራቶን የ ገበያ ማእከል በ ዋናው መግቢያ መሬት ላይ
ወይንም ግራውንድ ፍሎር ብቅ ይበሉ
 👉ነቫ ኮምፒውተር👈 መሆኑን ያረጋግጡ

ድህረ ገጻችንን ይጎብኙ
www.nevacomputer.com

ቴሌግራም ቻናላችንን ይቀላቀሉ

https://t.me/nevacomputer",True,data/nevacomputer/media/8567.jpg,ለአጭር መልእክት ይደዉሉ አድራሻ መገናኛ ማራቶን የ ገበያ ማእከል በ ዋናው መግቢያ መሬት ላይ ወይንም ግራውንድ ፍሎር ብቅ ይበሉ ነቫ ኮምፒውተር መሆኑን ያረጋግጡ ድህረ ገጻችንን ይጎብኙ ቴሌግራም ቻናላችንን ይቀላቀሉ
@nevacomputer,8566,2024-05-21 06:23:07,-1001195361398,,True,data/nevacomputer/media/8566.jpg,
@nevacomputer,8565,2024-05-21 06:23:07,-1001195361398,,True,data/nevacomputer/media/8565.jpg,
@nevacomputer,8564,2024-05-21 06:23:07,-1001195361398,,True,data/nevacomputer/media/8564.jpg,
@nevacomputer,8563,2024-05-10 20:51:20,-1001195361398,,True,data/nevacomputer/media/8563.jpg,
